,age,sex,educ,income,eastwest,happiness,health,lived_abroad,spectrum
1,52,Male,2,2000,East,8,2,No,Center-right
2,61,Male,1,2500,West,9,3,No,Center-right
3,54,Female,1,860,West,3,1,Yes,Left
4,49,Male,2,2500,West,7,4,No,Center-right
5,75,Female,2,750,West,9,3,No,Center-right
6,59,Male,4,4500,East,8,3,No,Center-right
7,65,Male,2,880,East,5,2,No,Right
8,61,Female,1,3000,West,10,3,Yes,Center-left
9,76,Male,1,950,East,10,2,No,Center-right
10,23,Male,1,1200,West,10,2,No,Center-left
11,65,Male,1,3300,West,9,2,No,Center-right
12,54,Male,2,1500,East,6,2,Yes,Left
13,76,Male,4,1600,East,10,4,No,Center-left
14,23,Male,2,1800,West,8,3,No,Center-left
15,36,Male,2,2125,West,9,4,No,Left
16,34,Female,2,350,West,9,4,Yes,Center-left
17,52,Female,3,2400,West,9,4,Yes,Center-right
18,63,Male,2,1050,East,8,1,No,Center-left
19,61,Male,1,2375,West,8,4,No,Left
20,19,Male,2,875,West,9,4,No,Right
21,27,Male,4,1500,East,9,4,No,Center-left
22,53,Male,2,1000,East,6,3,No,Right
23,25,Male,2,1300,West,8,2,No,Center-right
24,40,Female,4,1390,West,9,4,Yes,Center-right
25,71,Male,3,460,West,6,2,Yes,Center-right
26,31,Male,3,2375,East,9,4,No,Center-right
27,48,Male,4,3500,West,8,3,Yes,Center-right
28,66,Female,1,850,West,9,2,No,Center-left
29,43,Male,2,1800,West,4,3,No,Right
30,24,Male,4,700,West,9,4,Yes,Center-right
31,55,Female,2,813,West,8,2,No,Center-right
32,61,Female,3,1500,West,8,3,No,Left
33,48,Male,4,6250,West,5,1,No,Center-right
34,27,Male,2,1579,West,8,4,No,Center-right
35,41,Female,2,1100,West,10,4,No,Center-right
36,39,Male,2,1500,East,3,3,No,Right
37,78,Male,1,4500,West,10,4,No,Center-left
38,66,Female,4,2000,West,8,2,No,Center-left
39,40,Female,3,1625,East,8,4,No,Center-right
40,29,Male,4,2400,West,9,4,No,Center-left
41,48,Male,4,4000,West,7,0,Yes,Center-right
42,40,Male,2,1400,East,4,2,No,Right
43,53,Male,3,1875,West,9,2,No,Center-left
44,42,Male,2,1100,West,9,2,No,Center-right
45,47,Male,1,2700,West,8,2,No,Center-right
46,72,Male,1,1140,East,5,0,No,Left
47,31,Male,4,2200,West,7,2,Yes,Center-left
48,88,Male,4,3000,West,3,3,No,Center-right
49,31,Male,2,2500,East,10,4,Yes,Center-right
50,35,Male,2,1650,East,8,3,No,Left
51,69,Female,4,2650,West,10,4,No,Center-left
52,66,Female,4,650,West,10,4,No,Left
53,76,Male,1,1000,East,9,1,No,Center-right
54,67,Male,4,860,East,6,2,Yes,Right
55,58,Male,1,1100,West,4,2,No,Left
56,68,Female,1,400,West,9,3,No,Center-right
57,25,Male,2,1500,West,10,3,No,Center-right
58,59,Male,4,3500,West,9,2,Yes,Left
59,40,Female,2,1300,West,9,2,No,Center-right
60,30,Female,4,1520,East,9,4,No,Center-right
61,62,Female,1,600,West,8,2,No,Center-left
62,26,Male,4,2000,East,9,3,No,Center-right
63,54,Female,2,714,West,3,2,No,Left
64,69,Male,4,700,East,6,3,Yes,Right
65,28,Male,4,3000,East,8,4,No,Center-right
66,83,Male,1,1050,West,10,2,No,Center-right
67,56,Female,2,1063,West,10,2,No,Left
68,65,Female,2,800,East,4,2,No,Center-left
69,80,Female,1,265,West,8,0,No,Center-right
70,28,Female,3,1800,West,9,4,No,Center-left
71,51,Male,1,1900,West,8,2,No,Right
72,66,Female,1,600,West,8,3,No,Center-left
73,58,Male,1,1650,West,8,2,No,Center-left
74,73,Male,1,1063,East,5,3,No,Right
75,56,Female,2,940,East,4,1,No,Left
76,82,Female,4,1600,East,8,2,No,Left
77,47,Female,2,1000,East,7,2,No,Center-right
78,36,Female,1,450,West,10,4,No,Left
79,59,Female,2,1100,West,9,3,No,Center-right
80,21,Female,4,710,West,8,2,Yes,Center-right
81,40,Male,3,1800,West,8,3,No,Center-right
82,48,Female,4,1600,West,5,2,Yes,Left
83,62,Female,3,900,East,8,2,No,Center-right
84,88,Female,1,1000,East,8,2,No,Center-right
85,54,Female,2,2100,East,7,1,Yes,Center-left
86,35,Male,1,4000,West,8,2,No,Right
87,69,Male,2,1000,East,9,2,No,Right
88,62,Female,2,688,West,8,3,No,Center-left
89,49,Female,2,700,East,8,3,No,Left
90,37,Female,4,1600,East,8,3,No,Center-right
91,52,Female,4,1750,West,8,4,No,Center-right
92,31,Male,4,2000,West,6,3,Yes,Left
93,67,Female,4,3000,West,9,4,Yes,Left
94,48,Male,1,3000,West,9,3,No,Center-right
95,66,Male,4,2100,East,5,1,No,Left
96,36,Female,4,2100,West,9,3,Yes,Center-right
97,44,Female,3,1625,East,5,3,No,Left
98,44,Male,4,6250,East,9,3,No,Left
99,64,Male,3,1100,West,7,2,No,Center-right
100,76,Female,1,1500,East,9,2,No,Left
101,51,Male,1,1500,West,10,4,Yes,Center-right
102,46,Female,2,1200,West,9,2,No,Center-left
103,66,Female,2,1400,West,8,3,No,Center-right
104,46,Female,2,995,East,10,2,No,Center-right
105,61,Female,2,1875,West,9,3,No,Left
106,66,Male,1,1800,West,8,2,No,Center-left
107,55,Male,2,2300,West,8,4,Yes,Center-right
108,38,Male,3,2875,West,9,3,Yes,Left
109,33,Female,4,2000,East,9,3,No,Center-right
110,78,Female,2,1000,East,5,2,No,Center-left
111,41,Female,4,1650,East,8,3,No,Left
112,33,Female,2,2060,East,8,3,No,Right
113,19,Male,1,592,West,5,2,No,Right
114,41,Female,3,1300,East,7,4,No,Left
115,45,Male,4,1750,West,10,4,No,Center-right
116,20,Male,2,150,East,4,1,Yes,Center-left
117,33,Male,1,2100,West,2,2,No,Right
118,38,Male,2,4200,West,7,2,No,Right
119,48,Male,4,4000,West,8,3,No,Center-right
120,57,Female,2,1600,East,8,4,No,Right
121,26,Male,4,1600,West,10,4,No,Left
122,33,Female,3,2300,West,9,4,No,Left
123,62,Male,1,8750,West,10,3,Yes,Right
124,62,Male,2,1625,East,9,4,No,Center-right
125,52,Female,2,1300,East,7,3,No,Center-left
126,73,Female,4,938,West,10,3,No,Center-right
127,38,Female,1,450,West,8,4,No,Left
128,39,Male,2,2100,West,9,4,Yes,Center-left
129,52,Male,4,4500,West,7,2,No,Center-right
130,58,Female,4,1500,East,10,1,No,Center-right
131,50,Female,2,750,West,8,2,No,Center-left
132,18,Male,4,400,West,9,2,No,Center-right
133,38,Female,2,2170,East,9,2,No,Left
134,54,Male,2,2875,East,8,3,No,Right
135,57,Male,2,1900,West,10,4,Yes,Center-right
136,52,Female,2,480,West,4,0,No,Center-right
137,34,Female,4,2000,West,8,3,No,Left
138,52,Male,4,4800,West,10,4,No,Center-left
139,37,Female,4,1750,West,9,3,No,Left
140,56,Female,4,1625,East,8,3,No,Center-right
141,36,Female,1,1600,West,5,1,No,Left
142,40,Male,4,3600,East,8,2,No,Left
143,60,Male,2,320,East,6,2,No,Center-left
144,51,Male,2,850,East,3,2,No,Center-right
145,74,Female,1,700,West,9,3,No,Left
146,60,Female,4,4500,East,9,3,Yes,Left
147,70,Female,4,1100,West,9,4,Yes,Left
148,64,Male,3,688,East,8,4,No,Center-right
149,64,Female,2,1000,East,9,2,No,Right
150,41,Female,2,1850,West,9,3,No,Left
151,65,Female,4,900,East,9,3,No,Left
152,25,Female,2,1000,East,7,3,No,Center-left
153,56,Female,4,3000,West,8,4,No,Center-left
154,30,Female,4,1500,East,9,3,No,Center-right
155,58,Male,2,900,East,7,1,No,Left
156,58,Male,1,2000,West,8,3,No,Center-left
157,57,Male,1,350,East,5,0,No,Right
158,65,Female,4,2125,East,9,3,No,Left
159,78,Female,1,1200,East,7,3,No,Left
160,34,Male,2,1300,East,7,3,No,Right
161,77,Female,1,2600,West,8,2,Yes,Center-right
162,60,Male,4,4300,West,10,4,Yes,Center-right
163,49,Female,1,1100,West,5,3,No,Right
164,42,Female,2,1500,East,10,2,No,Center-right
165,51,Female,2,1300,East,7,2,No,Left
166,48,Female,2,1200,East,10,1,No,Center-right
167,39,Female,3,2259,East,7,3,Yes,Left
168,65,Male,2,804,East,8,3,No,Center-left
169,72,Male,1,3300,West,8,0,No,Center-left
170,56,Male,2,640,East,0,0,No,Center-right
171,51,Female,2,5000,East,9,4,No,Center-right
172,28,Male,2,1900,West,9,3,No,Center-right
173,44,Female,1,1100,West,3,1,No,Right
174,45,Female,3,2875,West,8,1,No,Left
175,25,Male,2,2000,West,9,3,No,Right
176,18,Male,2,440,East,8,2,No,Left
177,25,Female,4,1500,West,7,4,No,Center-left
178,28,Male,2,2000,West,3,3,No,Right
179,56,Male,4,3500,West,9,3,No,Center-right
180,48,Female,2,450,West,8,3,No,Left
181,40,Female,3,1700,West,9,2,No,Center-right
182,72,Male,1,820,West,10,3,No,Center-right
183,82,Male,1,1500,West,10,2,No,Left
184,53,Female,2,1100,East,8,3,No,Center-right
185,25,Male,2,1600,West,8,3,No,Center-left
186,84,Female,1,1400,East,9,1,No,Center-right
187,53,Female,2,1800,West,9,3,No,Left
188,20,Female,4,1400,East,8,4,Yes,Right
189,40,Male,1,4000,West,8,3,No,Center-right
190,18,Female,1,450,West,0,0,No,Center-right
191,76,Female,1,1800,East,7,1,No,Center-right
192,63,Female,2,1875,East,9,3,No,Center-right
193,58,Male,2,3500,West,7,2,No,Left
194,55,Female,2,1000,West,9,3,No,Center-right
195,66,Male,1,3000,West,8,2,No,Center-right
196,29,Male,1,1600,West,8,3,Yes,Center-right
197,20,Female,4,800,West,8,3,No,Center-left
198,48,Male,4,3000,East,9,3,No,Center-right
199,80,Male,1,2000,West,10,3,Yes,Center-left
200,61,Female,3,1500,West,5,2,Yes,Left
201,72,Male,3,1500,East,5,3,No,Left
202,65,Female,4,1500,East,8,4,No,Center-right
203,53,Female,4,3000,East,8,3,No,Left
204,32,Male,1,2250,West,10,3,No,Center-left
205,58,Male,1,1400,West,0,2,No,Center-left
206,28,Male,4,700,East,8,4,No,Left
207,48,Male,2,1200,East,8,2,No,Right
208,29,Male,4,2500,West,9,4,No,Left
209,66,Male,2,563,East,7,2,No,Right
210,68,Male,2,1600,West,6,2,No,Center-right
211,52,Female,4,2500,West,8,3,No,Center-left
212,33,Male,4,3400,West,10,4,Yes,Center-right
213,73,Female,2,1300,West,8,2,No,Left
214,34,Male,4,100,West,7,1,Yes,Center-right
215,24,Male,4,1000,West,8,3,Yes,Left
216,54,Female,4,500,West,10,2,No,Center-right
217,46,Male,2,2300,West,9,3,No,Center-right
218,67,Male,2,1200,East,9,3,No,Left
219,49,Female,4,2500,West,7,3,Yes,Center-right
220,33,Male,4,2375,West,8,3,No,Center-right
221,48,Male,2,2700,West,7,1,Yes,Right
222,40,Male,4,5200,East,5,2,No,Center-right
223,40,Female,4,1187,West,10,2,No,Center-right
224,35,Female,4,1900,East,8,2,No,Center-right
225,83,Female,1,1400,West,8,0,No,Center-left
226,76,Female,4,1260,East,8,2,No,Center-left
227,73,Male,2,850,East,3,2,No,Left
228,39,Female,4,3500,West,6,3,No,Left
229,43,Male,2,1100,West,7,2,No,Center-right
230,81,Male,1,1221,East,8,2,No,Center-right
231,20,Male,2,700,West,8,2,No,Center-left
232,37,Male,3,4200,West,9,4,Yes,Center-right
233,54,Male,3,3550,West,8,3,No,Center-right
234,67,Male,2,2500,East,8,3,No,Center-right
235,53,Male,4,3500,East,8,3,Yes,Left
236,64,Female,1,2000,West,8,3,No,Center-right
237,76,Male,4,1063,East,6,3,Yes,Left
238,40,Female,2,700,East,6,2,No,Right
239,42,Female,3,1800,West,9,1,Yes,Left
240,57,Male,2,2000,East,8,3,No,Center-right
241,64,Female,1,1260,West,5,1,No,Center-left
242,41,Female,2,625,West,7,2,No,Center-right
243,74,Male,1,1800,West,10,4,No,Center-right
244,48,Female,2,1600,West,5,1,Yes,Left
245,29,Male,4,800,West,9,4,No,Left
246,30,Male,4,1700,East,8,3,No,Left
247,23,Female,1,267,West,9,3,No,Center-left
248,75,Female,1,900,West,8,3,No,Center-right
249,43,Female,2,2100,West,8,3,No,Center-left
250,27,Female,4,1400,East,8,3,No,Left
251,71,Male,1,720,West,5,3,No,Left
252,29,Female,4,650,East,8,4,No,Left
253,54,Male,2,724,West,0,0,Yes,Center-left
254,34,Female,3,1100,West,8,2,Yes,Center-left
255,50,Male,2,3000,West,9,4,No,Center-left
256,64,Male,4,3500,East,9,3,No,Center-left
257,73,Female,1,110,West,6,2,No,Left
258,22,Male,2,500,West,10,4,Yes,Left
259,44,Female,4,1063,West,10,4,No,Center-left
260,54,Male,4,6000,West,9,3,Yes,Center-right
261,52,Female,2,1234,East,9,3,No,Center-left
262,47,Female,4,3200,West,9,3,No,Center-left
263,27,Female,3,2100,West,8,4,No,Left
264,35,Female,1,2000,West,10,3,No,Center-right
265,62,Male,4,4005,West,9,3,Yes,Left
266,66,Female,4,875,West,7,2,Yes,Left
267,61,Male,2,2375,West,8,2,No,Left
268,75,Female,1,900,West,5,2,No,Center-left
269,48,Female,1,700,West,10,4,No,Center-left
270,48,Male,4,3800,East,8,3,No,Center-left
271,82,Female,1,1100,East,7,3,No,Left
272,75,Male,1,1500,East,8,2,No,Center-left
273,48,Male,4,2200,East,7,3,Yes,Left
274,39,Female,4,1188,West,10,4,No,Right
275,31,Male,1,1625,East,3,2,No,Left
276,73,Female,1,291,West,9,3,No,Center-right
277,28,Male,2,1550,East,8,3,No,Right
278,20,Male,3,700,West,9,3,No,Left
279,76,Female,1,670,East,6,2,No,Center-right
280,53,Female,4,2800,East,10,4,No,Center-right
281,75,Female,1,1200,East,5,2,No,Center-right
282,31,Male,2,1600,West,10,4,Yes,Center-left
283,53,Female,2,1200,East,8,3,No,Center-right
284,24,Female,4,180,West,8,4,No,Center-right
285,26,Male,4,400,East,10,4,No,Center-left
286,30,Female,4,2080,East,9,2,Yes,Left
287,51,Male,4,4000,West,7,1,Yes,Center-right
288,25,Male,1,1400,West,7,3,No,Right
289,52,Male,4,2500,West,9,3,No,Left
290,45,Female,4,1800,West,7,2,Yes,Left
291,68,Male,4,3100,West,10,4,Yes,Left
292,27,Female,4,400,West,7,4,Yes,Center-left
293,31,Female,4,1600,West,9,3,No,Center-left
294,42,Female,2,1063,West,8,2,No,Left
295,76,Male,1,1200,West,6,2,No,Right
296,52,Female,2,1800,West,8,3,No,Left
297,48,Female,2,1188,East,9,3,No,Right
298,65,Male,2,2625,West,7,2,No,Left
299,40,Male,2,2000,West,6,1,No,Center-right
300,57,Male,4,3000,West,6,2,No,Left
301,50,Male,2,3000,West,5,3,No,Center-right
302,48,Male,2,3000,West,9,4,No,Left
303,38,Female,1,550,East,5,3,No,Center-right
304,54,Male,2,2875,West,10,4,No,Right
305,34,Female,4,1500,East,7,3,No,Center-right
306,76,Male,1,1477,West,4,0,Yes,Center-left
307,53,Female,1,1000,West,8,2,No,Center-left
308,60,Male,4,3400,West,8,2,No,Center-right
309,34,Female,2,1313,East,9,3,No,Center-right
310,88,Male,4,3000,West,10,4,No,Right
311,44,Male,2,3200,West,9,3,No,Left
312,86,Male,2,1700,East,7,2,No,Left
313,67,Female,1,450,West,10,3,No,Left
314,59,Female,4,1400,East,8,3,No,Left
315,53,Female,3,1200,East,7,2,No,Center-left
316,48,Female,3,2200,West,9,2,No,Center-left
317,85,Female,1,1450,West,4,0,No,Center-right
318,46,Male,4,2800,West,8,3,No,Center-right
319,59,Male,2,2375,West,9,2,No,Center-right
320,74,Male,1,1150,East,8,4,No,Left
321,51,Male,1,1700,West,10,2,No,Center-left
322,83,Female,1,1400,West,9,4,No,Left
323,57,Female,2,2375,West,6,2,No,Center-right
324,61,Female,3,1700,West,9,2,No,Left
325,29,Female,4,4000,West,9,3,Yes,Center-left
326,90,Male,1,1800,West,8,2,No,Center-left
327,45,Female,4,1650,West,7,4,No,Left
328,72,Male,1,1100,East,8,3,No,Center-left
329,49,Male,4,1200,West,7,3,No,Left
330,82,Male,2,1600,West,8,2,Yes,Right
331,55,Male,1,1300,West,8,2,No,Center-left
332,78,Female,1,1500,West,5,1,No,Center-right
333,39,Male,1,1400,West,6,2,Yes,Center-left
334,52,Male,2,3000,West,9,4,No,Center-right
335,65,Female,2,500,West,10,3,No,Left
336,59,Female,2,2200,West,7,4,Yes,Left
337,69,Female,3,900,East,8,3,No,Left
338,52,Male,4,4200,West,9,4,No,Center-left
339,80,Male,1,1800,West,8,1,Yes,Center-left
340,73,Female,2,1300,West,8,2,No,Center-right
341,29,Male,2,2000,East,9,4,No,Center-right
342,39,Male,4,1200,West,7,3,No,Left
343,44,Male,4,3000,East,8,3,Yes,Left
344,61,Female,1,420,West,8,3,No,Left
345,51,Female,4,1900,West,9,4,No,Center-right
346,56,Male,4,1875,East,9,3,No,Left
347,63,Male,2,1000,East,10,2,No,Center-right
348,42,Female,4,2400,West,8,1,No,Center-left
349,32,Female,1,700,West,6,3,No,Right
350,73,Female,2,813,East,8,3,Yes,Left
351,38,Female,4,3225,West,8,3,No,Left
352,80,Female,1,1400,West,6,0,No,Center-right
353,52,Male,4,3000,West,9,3,Yes,Center-left
354,32,Female,4,3200,West,9,3,Yes,Center-right
355,50,Female,2,1400,West,6,2,No,Center-left
356,79,Female,1,920,East,6,3,No,Center-left
357,45,Male,2,1500,East,3,2,No,Center-right
358,54,Female,3,2100,West,6,2,Yes,Left
359,66,Female,2,1800,West,8,2,No,Center-right
360,76,Female,4,30,West,10,4,Yes,Center-right
361,50,Male,2,1600,East,7,3,No,Center-right
362,28,Female,2,1800,West,10,4,No,Center-right
363,80,Female,4,1200,West,9,4,No,Center-right
364,53,Male,1,1500,West,10,3,No,Center-right
365,80,Female,1,900,East,5,1,No,Left
366,39,Female,2,800,West,7,2,Yes,Left
367,65,Male,1,1800,West,8,3,No,Center-left
368,29,Female,2,1100,East,6,4,No,Center-left
369,59,Female,2,1300,East,8,4,No,Center-right
370,58,Male,2,3500,West,9,3,No,Center-left
371,61,Male,1,830,West,7,0,No,Center-left
372,53,Male,3,3500,West,9,3,No,Center-right
373,56,Female,1,2500,West,9,3,No,Right
374,36,Male,2,1680,East,8,2,No,Right
375,38,Male,2,1600,East,8,3,No,Right
376,81,Male,1,1313,East,6,1,No,Right
377,49,Male,1,2625,West,7,1,No,Right
378,81,Male,1,1500,West,6,3,No,Center-left
379,50,Female,2,1200,West,8,4,No,Right
380,34,Female,4,630,East,3,0,No,Left
381,46,Male,4,3000,West,8,2,No,Center-left
382,23,Male,4,400,East,8,4,Yes,Left
383,39,Female,2,700,West,7,3,No,Center-left
384,45,Male,2,2700,East,8,2,No,Center-left
385,35,Female,4,2800,West,10,4,Yes,Left
386,54,Male,3,1800,West,9,2,Yes,Left
387,53,Male,2,1500,East,9,3,No,Right
388,66,Female,2,240,West,9,2,No,Center-left
389,50,Female,4,3100,West,8,2,No,Center-left
390,56,Female,2,730,West,1,0,No,Center-right
391,54,Female,2,600,West,8,4,No,Left
392,77,Female,1,1400,East,10,4,No,Center-right
393,78,Male,2,1200,East,7,1,No,Left
394,68,Male,2,2200,West,9,3,No,Center-right
395,63,Female,1,700,West,8,2,No,Center-left
396,32,Female,2,750,West,9,4,No,Center-right
397,20,Female,4,400,West,9,4,No,Center-right
398,20,Male,2,270,West,8,2,No,Center-right
399,59,Male,2,1100,West,9,3,No,Left
400,75,Female,4,2600,West,10,3,Yes,Center-left
401,26,Female,4,450,West,9,2,No,Center-right
402,76,Male,4,2500,East,7,1,No,Center-right
403,26,Female,4,120,West,7,4,No,Left
404,56,Female,4,2500,West,10,3,No,Center-left
405,71,Female,2,1188,West,8,3,No,Center-right
406,54,Male,2,415,East,8,3,No,Center-right
407,84,Female,2,1397,East,8,2,No,Center-left
408,74,Male,1,905,East,10,3,No,Center-right
409,56,Male,3,600,West,5,2,No,Left
410,65,Male,0,1050,East,5,2,No,Left
411,41,Male,4,2800,East,8,3,No,Center-right
412,48,Female,4,4000,East,8,4,Yes,Left
413,69,Male,3,1500,West,9,4,No,Center-left
414,39,Male,2,2000,West,10,4,Yes,Center-right
415,59,Male,4,2500,West,3,3,No,Center-right
416,26,Female,3,400,West,8,2,No,Right
417,30,Male,2,700,East,3,1,No,Right
418,66,Male,4,3400,West,8,3,No,Right
419,38,Male,2,3500,West,8,2,Yes,Center-right
420,35,Female,2,1800,West,5,1,No,Center-left
421,53,Female,2,450,East,8,2,No,Left
422,46,Male,4,4000,West,8,4,Yes,Left
423,73,Female,4,350,West,8,2,No,Center-left
424,58,Female,1,1500,West,4,1,No,Center-right
425,49,Male,4,3100,East,8,3,No,Right
426,33,Male,4,6250,East,9,4,Yes,Center-right
427,52,Male,1,3500,West,8,3,No,Right
428,53,Male,2,350,West,4,1,No,Center-left
429,74,Female,1,1200,East,8,3,No,Center-left
430,71,Male,1,1625,West,5,2,No,Center-left
431,48,Female,4,2400,West,8,2,No,Center-left
432,28,Female,4,450,West,9,4,Yes,Left
433,79,Male,4,1600,East,9,4,Yes,Left
434,28,Male,2,1500,East,10,4,No,Left
435,40,Male,2,1700,East,3,3,No,Right
436,66,Female,1,220,West,8,3,No,Center-left
437,28,Male,4,1100,East,8,3,No,Left
438,32,Female,4,3300,West,9,3,Yes,Left
439,64,Female,4,50,East,10,4,Yes,Center-left
440,57,Female,1,1200,West,10,2,No,Center-right
441,65,Female,2,1100,East,8,3,No,Center-left
442,79,Male,1,1500,East,8,2,No,Center-left
443,79,Female,1,980,East,8,3,No,Center-right
444,44,Male,2,4500,West,8,3,No,Center-left
445,21,Female,4,550,West,10,4,No,Center-left
446,24,Female,4,1300,West,7,3,No,Center-right
447,52,Female,2,1500,West,8,3,No,Left
448,49,Male,4,4000,West,10,4,Yes,Left
449,44,Female,2,2900,West,8,1,No,Center-right
450,76,Male,3,1300,West,3,3,No,Right
451,53,Female,2,1700,West,9,2,No,Left
452,47,Male,2,2100,East,8,3,No,Center-right
453,74,Female,1,420,West,8,1,No,Center-right
454,42,Male,3,4800,West,6,3,No,Center-right
455,78,Female,2,600,West,5,1,No,Right
456,47,Female,4,2000,West,9,3,Yes,Center-right
457,29,Male,2,800,West,9,3,Yes,Center-left
458,79,Male,1,1313,West,10,3,Yes,Right
459,67,Female,1,900,West,5,2,No,Center-right
460,40,Female,2,120,West,7,2,No,Center-right
461,51,Female,2,1100,East,7,2,No,Center-left
462,50,Female,3,1500,West,4,2,No,Center-left
463,71,Male,4,2400,West,10,3,No,Center-left
464,65,Male,4,700,East,8,3,No,Center-right
465,43,Female,1,900,West,8,2,No,Right
466,85,Male,1,1900,East,6,2,No,Left
467,47,Male,4,8750,West,9,4,Yes,Center-right
468,91,Female,1,1300,West,8,3,No,Center-right
469,20,Female,2,380,West,8,3,No,Center-right
470,65,Male,2,1063,West,8,2,No,Center-left
471,25,Male,4,3000,West,9,4,No,Right
472,72,Female,4,2500,West,6,1,No,Left
473,76,Male,1,1300,East,10,0,No,Center-left
474,20,Male,2,1400,West,8,3,No,Center-right
475,36,Female,4,600,West,7,3,Yes,Center-right
476,25,Male,4,2500,West,8,4,Yes,Center-right
477,21,Male,3,450,West,9,4,No,Center-right
478,54,Female,2,1100,West,9,4,No,Center-left
479,49,Male,1,725,West,6,2,No,Center-right
480,69,Male,2,850,East,5,1,No,Center-right
481,67,Male,1,1200,West,9,3,No,Center-right
482,73,Female,2,300,West,10,3,No,Center-left
483,21,Female,4,1577,West,7,3,No,Left
484,76,Male,1,1150,West,8,3,No,Left
485,19,Male,2,600,West,10,4,No,Left
486,46,Male,2,1800,East,7,3,No,Left
487,22,Male,4,600,East,9,4,No,Center-right
488,51,Female,4,800,West,7,3,No,Left
489,81,Male,1,1500,West,10,1,No,Center-left
490,76,Male,1,1400,East,8,1,No,Left
491,51,Female,3,813,West,9,3,No,Center-right
492,72,Male,2,1400,West,8,2,No,Center-left
493,38,Male,4,1400,East,9,3,No,Center-left
494,23,Male,2,1063,East,9,3,No,Left
495,46,Female,4,1600,West,10,4,No,Center-right
496,47,Female,2,1000,East,4,4,No,Right
497,70,Male,1,690,West,8,1,Yes,Center-left
498,44,Female,4,700,West,6,3,No,Left
499,50,Male,3,1800,West,8,3,No,Left
500,32,Male,1,1300,East,3,3,Yes,Left
501,84,Male,1,1200,East,5,2,No,Left
502,41,Female,2,700,West,7,3,No,Center-left
503,19,Male,4,450,West,8,3,No,Center-right
504,54,Male,2,2700,East,8,3,No,Center-left
505,47,Male,2,1600,East,7,4,No,Center-right
506,56,Male,4,2000,East,7,3,No,Center-right
507,46,Female,4,2500,East,9,3,No,Right
508,42,Male,4,6000,West,8,3,No,Center-right
509,30,Female,4,1313,West,10,4,Yes,Center-left
510,37,Male,2,3200,West,10,3,No,Center-right
511,20,Male,4,450,East,8,3,Yes,Center-left
512,55,Male,4,5000,West,9,4,No,Right
513,52,Female,4,3500,East,7,3,No,Left
514,66,Female,3,1200,West,8,3,No,Center-right
515,46,Male,4,2300,West,9,4,No,Left
516,36,Male,2,2125,East,8,3,No,Right
517,66,Male,3,2700,West,9,2,No,Left
518,31,Male,3,2950,West,8,4,No,Center-right
519,63,Female,2,700,West,10,3,No,Left
520,27,Female,4,400,East,8,1,No,Center-right
521,73,Male,1,1000,West,6,1,No,Center-right
522,75,Male,2,2300,West,7,1,No,Center-right
523,24,Male,1,1300,West,8,3,No,Right
524,74,Male,1,1050,West,4,1,No,Center-right
525,53,Male,1,2200,East,6,3,No,Center-right
526,42,Male,4,2875,West,8,2,No,Center-left
527,31,Male,2,1000,East,7,3,Yes,Right
528,49,Female,4,1700,West,8,2,No,Left
529,57,Female,4,2125,West,9,4,No,Left
530,28,Male,4,1550,East,8,4,No,Left
531,23,Male,2,1500,West,9,4,No,Center-right
532,35,Female,2,1000,East,7,3,No,Left
533,33,Female,2,1050,East,9,1,No,Right
534,78,Female,2,680,West,10,2,No,Center-right
535,21,Female,2,800,West,9,1,No,Center-left
536,75,Male,4,1300,East,8,3,No,Center-right
537,45,Male,2,1550,East,7,2,No,Left
538,68,Male,4,3000,West,8,2,No,Center-right
539,24,Female,4,550,West,6,4,No,Left
540,45,Male,2,2375,East,9,3,Yes,Center-right
541,70,Male,1,638,East,8,2,No,Left
542,49,Male,2,2200,West,8,2,No,Center-right
543,54,Female,2,2000,East,8,3,No,Center-right
544,40,Male,4,2500,West,8,3,Yes,Center-right
545,47,Female,2,1220,East,8,3,No,Center-left
546,83,Male,4,2300,West,8,3,No,Left
547,74,Male,1,1450,West,4,3,No,Right
548,28,Male,4,2800,East,8,4,No,Center-right
549,73,Female,1,960,East,9,3,No,Center-right
550,77,Female,1,440,West,5,2,No,Center-right
551,50,Female,4,3500,West,8,2,No,Center-right
552,65,Male,1,1650,West,7,2,No,Center-left
553,74,Female,2,813,West,10,4,No,Center-right
554,52,Female,4,1313,West,9,3,No,Center-right
555,20,Male,1,440,East,7,3,No,Right
556,35,Male,3,1500,East,8,2,No,Right
557,44,Female,4,1200,West,9,3,Yes,Center-right
558,65,Female,2,1300,East,8,2,No,Center-right
559,53,Female,4,1000,West,9,1,No,Center-right
560,78,Male,1,1950,East,10,2,No,Right
561,21,Female,4,800,West,8,4,No,Center-right
562,68,Male,1,1189,East,5,4,No,Center-right
563,19,Male,2,478,East,9,4,No,Left
564,44,Female,1,450,East,5,3,No,Right
565,47,Female,1,1000,West,1,2,No,Center-left
566,59,Female,1,1625,West,8,4,No,Center-right
567,71,Male,4,1200,East,7,3,Yes,Left
568,40,Male,4,3000,West,8,3,No,Left
569,78,Male,1,960,East,6,2,No,Center-right
570,22,Female,4,1200,West,9,4,No,Left
571,20,Male,2,450,West,9,3,No,Left
572,62,Female,3,2750,West,8,3,No,Left
573,61,Female,2,1875,East,9,4,No,Center-left
574,34,Female,2,1063,West,5,2,No,Center-left
575,32,Female,4,950,West,8,3,Yes,Left
576,59,Male,1,620,East,6,0,No,Center-right
577,46,Female,2,800,West,9,3,No,Center-right
578,48,Female,2,2300,East,6,1,No,Center-right
579,50,Female,2,650,West,8,2,No,Center-right
580,78,Male,1,3000,West,10,2,No,Center-left
581,18,Female,2,580,West,7,2,No,Right
582,77,Male,2,1200,East,5,1,No,Center-left
583,48,Female,4,1500,West,7,3,No,Center-right
584,43,Female,2,2400,East,8,3,No,Center-right
585,82,Female,1,1200,East,6,2,No,Center-left
586,30,Male,2,2600,West,8,2,No,Center-right
587,65,Female,1,1000,West,8,2,Yes,Right
588,77,Female,1,1000,West,9,3,No,Center-right
589,77,Male,2,1100,East,8,2,Yes,Center-left
590,54,Female,4,1000,West,5,1,No,Left
591,75,Male,2,970,East,6,2,No,Left
592,65,Female,2,850,East,9,3,No,Center-left
593,49,Female,4,1313,West,10,4,No,Center-right
594,46,Male,1,2000,West,9,3,No,Right
595,64,Male,4,755,West,10,3,Yes,Left
596,73,Male,2,860,East,5,1,No,Center-left
597,69,Female,1,1800,West,9,3,Yes,Center-left
598,74,Male,2,850,West,10,1,No,Center-left
599,61,Female,2,500,East,8,1,No,Center-right
600,43,Female,1,400,West,8,1,No,Center-left
601,44,Male,2,1200,East,6,2,No,Center-left
602,29,Male,2,1438,East,6,2,No,Center-left
603,33,Female,3,827,East,9,3,No,Center-left
604,42,Male,2,2500,West,8,2,No,Left
605,39,Male,4,2300,East,8,3,No,Left
606,42,Female,4,364,West,7,0,Yes,Right
607,74,Female,1,580,East,6,3,No,Center-left
608,34,Female,4,2800,West,8,3,No,Center-left
609,26,Female,2,500,West,10,4,No,Center-left
610,23,Female,4,550,West,9,4,No,Center-left
611,52,Male,2,2100,East,6,3,No,Center-right
612,50,Female,2,1500,West,9,3,No,Center-right
613,49,Female,3,2096,West,4,1,Yes,Left
614,61,Male,4,1200,West,9,3,No,Center-right
615,32,Female,4,2375,West,8,3,No,Center-right
616,33,Male,4,1300,East,8,3,No,Left
617,38,Female,4,1200,West,8,3,No,Left
618,80,Male,1,1200,West,5,3,Yes,Center-right
619,56,Male,4,2125,East,8,2,No,Left
620,90,Male,1,1800,East,5,0,No,Left
621,38,Male,3,2500,West,10,2,No,Center-right
622,78,Female,1,1300,East,8,2,Yes,Left
623,67,Female,4,2400,West,10,3,No,Center-left
624,77,Male,2,1800,West,10,2,No,Center-right
625,64,Male,1,1600,West,7,2,No,Center-right
626,46,Female,2,300,East,8,3,No,Left
627,56,Male,2,2125,West,8,2,Yes,Center-right
628,53,Male,2,2625,West,7,3,No,Center-left
629,57,Female,2,3000,West,10,4,No,Left
630,28,Male,3,3300,East,8,3,No,Center-right
631,30,Female,2,800,West,6,2,Yes,Right
632,57,Male,1,2250,West,9,3,No,Left
633,49,Male,2,1300,West,8,1,No,Left
634,65,Male,1,1000,East,7,2,No,Right
635,50,Male,1,2500,West,7,2,No,Center-left
636,57,Female,1,780,West,8,1,No,Center-left
637,77,Female,1,700,West,8,3,No,Center-right
638,30,Male,2,1600,West,10,4,No,Left
639,51,Male,1,720,West,2,0,No,Right
640,49,Male,4,4000,West,8,3,No,Left
641,45,Male,4,4600,West,7,3,Yes,Center-right
642,52,Male,1,1300,West,3,3,No,Center-right
643,31,Female,2,1400,East,7,3,No,Right
644,53,Female,2,450,East,2,0,No,Right
645,43,Male,2,1188,East,8,3,No,Right
646,64,Male,1,1700,West,8,3,No,Center-left
647,64,Male,4,1900,East,10,4,No,Center-right
648,47,Male,4,4500,West,9,4,No,Center-right
649,29,Male,1,1600,East,8,3,No,Right
650,50,Female,2,1313,West,5,2,No,Center-left
651,63,Female,3,2500,West,8,3,No,Center-right
652,24,Female,4,500,West,8,2,No,Center-left
653,75,Male,1,1500,West,8,3,No,Center-right
654,80,Male,4,2000,East,6,2,No,Left
655,45,Male,2,688,West,4,1,Yes,Center-left
656,70,Female,1,320,West,8,3,No,Center-right
657,40,Male,4,1840,West,7,3,No,Left
658,63,Female,0,220,West,10,2,No,Center-left
659,32,Female,4,3400,West,10,3,Yes,Center-right
660,38,Female,4,1188,East,9,3,No,Left
661,25,Male,3,300,West,9,4,No,Right
662,49,Female,1,700,West,9,2,No,Center-right
663,76,Male,1,2300,West,9,2,No,Center-right
664,40,Female,4,2000,East,8,3,Yes,Left
665,80,Female,2,938,West,10,1,No,Center-right
666,19,Male,3,300,West,7,4,No,Center-left
667,49,Male,2,3300,East,8,3,No,Center-right
668,23,Female,2,1500,West,8,3,No,Center-left
669,52,Female,2,2350,West,9,4,No,Center-left
670,61,Female,2,1063,West,10,3,No,Left
671,20,Female,4,720,West,9,4,No,Center-left
672,70,Male,2,615,East,6,1,No,Left
673,62,Female,2,900,West,7,3,Yes,Center-right
674,68,Male,2,2400,West,7,2,No,Center-right
675,26,Female,4,1620,West,9,3,No,Left
676,62,Female,3,1550,West,7,2,Yes,Center-left
677,56,Male,4,4250,East,9,3,Yes,Right
678,40,Female,2,1400,East,6,1,No,Left
679,28,Female,4,450,West,8,4,No,Center-left
680,59,Female,2,1650,East,9,3,No,Center-right
681,58,Female,2,1700,East,6,2,No,Left
682,76,Male,1,1200,West,9,1,No,Center-right
683,47,Male,4,2125,West,8,2,No,Center-left
684,50,Female,2,1100,West,7,3,No,Left
685,48,Male,2,8000,West,9,2,No,Center-left
686,59,Male,4,4100,East,9,2,No,Center-right
687,59,Male,3,5000,West,8,3,No,Center-right
688,62,Female,1,1000,West,9,4,No,Center-right
689,53,Male,4,3000,West,10,1,No,Center-right
690,20,Male,4,500,West,10,4,No,Center-left
691,34,Male,2,3000,East,8,3,No,Right
692,53,Male,3,4000,West,7,3,No,Center-right
693,56,Female,2,600,West,9,3,Yes,Left
694,59,Male,2,3450,West,9,4,No,Center-left
695,83,Male,2,2200,West,10,3,No,Center-right
696,25,Male,1,1600,West,7,3,No,Right
697,38,Male,4,3500,East,9,2,Yes,Center-right
698,86,Female,2,550,West,6,2,No,Left
699,45,Male,2,2200,East,9,2,No,Center-right
700,27,Male,2,2000,West,8,4,No,Center-right
701,25,Female,2,1300,West,8,3,No,Center-left
702,78,Male,1,890,East,7,2,No,Right
703,42,Female,3,450,West,9,4,No,Center-right
704,58,Male,2,3000,West,9,3,No,Center-right
705,51,Male,3,3200,West,9,4,No,Left
706,54,Female,2,1100,West,7,3,No,Left
707,63,Female,2,1450,East,9,3,No,Center-right
708,64,Male,4,2600,West,9,4,Yes,Center-right
709,60,Male,2,2600,West,10,3,No,Center-left
710,47,Female,2,3000,West,8,3,No,Center-right
711,66,Male,2,600,East,8,1,No,Center-right
712,80,Male,1,1625,West,10,1,Yes,Center-right
713,57,Female,1,600,West,10,1,No,Right
714,69,Male,1,1200,East,8,3,No,Center-right
715,61,Male,2,7500,West,8,3,No,Center-right
716,51,Female,2,2000,East,5,4,Yes,Left
717,44,Male,4,3300,West,8,2,No,Center-right
718,65,Male,2,2600,West,8,2,No,Center-right
719,52,Female,3,1100,West,10,3,No,Center-left
720,45,Female,4,1500,West,10,3,No,Center-right
721,80,Female,1,1000,East,9,3,No,Center-right
722,46,Female,3,600,West,5,1,No,Center-left
723,57,Female,2,800,West,8,2,No,Center-right
724,54,Female,2,1200,West,10,4,Yes,Left
725,49,Male,2,2000,East,8,3,No,Center-right
726,76,Male,4,6250,West,10,3,Yes,Center-right
727,52,Male,4,7500,West,8,3,No,Center-right
728,23,Male,2,700,West,6,2,No,Left
729,66,Male,2,1590,East,7,2,No,Right
730,68,Male,4,1900,West,7,3,Yes,Center-left
731,42,Male,4,400,West,8,3,Yes,Left
732,72,Male,4,8000,West,9,3,No,Right
733,29,Female,4,800,West,10,4,No,Left
734,37,Female,4,563,West,7,2,Yes,Center-left
735,38,Female,4,3600,East,8,4,No,Center-right
736,43,Female,4,2000,West,6,2,No,Center-left
737,19,Female,4,700,West,7,4,Yes,Left
738,66,Male,4,1200,East,8,2,No,Right
739,27,Female,4,2400,East,6,3,No,Left
740,35,Female,2,1300,West,8,3,No,Left
741,33,Male,2,1220,East,6,2,No,Center-left
742,56,Female,2,1000,East,7,1,No,Right
743,34,Female,2,280,East,9,4,No,Right
744,53,Male,4,3500,West,8,3,No,Center-right
745,27,Male,3,2000,East,8,2,No,Left
746,70,Male,1,2100,West,8,2,No,Center-right
747,68,Male,2,3000,West,7,2,Yes,Right
748,35,Male,4,1500,West,7,3,No,Left
749,73,Female,2,1000,West,4,0,No,Center-right
750,30,Female,3,1200,West,9,3,No,Center-right
751,21,Male,4,450,West,10,4,No,Center-right
752,36,Female,4,850,East,6,3,Yes,Center-right
753,81,Female,3,2200,West,10,2,No,Left
754,68,Female,2,890,West,10,3,Yes,Center-right
755,71,Female,2,1400,West,9,3,No,Center-left
756,86,Female,1,1200,West,8,2,No,Center-right
757,84,Female,1,2000,East,9,2,No,Left
758,52,Male,1,4200,West,9,3,No,Center-left
759,53,Male,2,3300,West,9,4,No,Center-right
760,48,Female,4,1500,West,8,2,No,Left
761,18,Male,2,480,West,9,4,No,Center-right
762,47,Male,2,2500,West,8,2,No,Center-right
763,70,Male,1,563,West,5,1,No,Center-left
764,50,Female,4,2000,West,8,4,Yes,Left
765,90,Female,2,1100,East,10,3,No,Center-left
766,47,Female,2,813,West,9,2,No,Left
767,46,Female,4,4300,West,9,3,No,Center-left
768,24,Male,2,1100,East,7,3,No,Left
769,48,Male,3,3500,West,8,3,No,Right
770,53,Male,2,750,West,5,0,Yes,Right
771,45,Male,3,2600,West,8,3,No,Left
772,68,Male,1,1800,West,10,3,No,Center-left
773,22,Female,4,750,West,9,3,No,Left
774,65,Female,2,813,East,8,2,Yes,Center-right
775,38,Male,2,2250,West,8,2,Yes,Center-right
776,66,Male,1,750,West,5,1,No,Center-right
777,30,Male,3,1650,East,8,3,No,Left
778,76,Female,4,1400,East,10,4,Yes,Center-left
779,49,Male,1,1000,West,5,2,No,Center-left
780,24,Female,2,930,East,9,3,No,Right
781,50,Male,2,4000,West,10,4,No,Center-right
782,88,Male,1,1875,West,7,1,No,Center-right
783,36,Male,4,2300,East,8,3,No,Center-right
784,51,Male,4,1900,West,5,3,Yes,Left
785,19,Male,2,450,West,6,3,No,Center-right
786,44,Female,2,1250,East,8,2,No,Left
787,39,Male,2,1438,East,9,3,No,Right
788,58,Female,3,3100,West,8,2,No,Right
789,60,Female,4,5500,West,10,4,No,Left
790,54,Female,1,1438,West,7,3,No,Center-right
791,50,Female,4,5000,West,9,3,No,Center-right
792,24,Male,1,1800,West,7,3,Yes,Left
793,61,Male,2,600,West,6,1,No,Left
794,58,Male,2,3400,West,9,1,No,Center-right
795,45,Male,4,8750,West,9,4,Yes,Center-right
796,78,Male,1,1000,East,6,2,No,Center-right
797,38,Female,4,900,West,7,2,Yes,Left
798,39,Female,4,650,West,9,3,Yes,Center-left
799,68,Male,2,950,East,7,1,Yes,Left
800,34,Male,2,2900,West,10,4,Yes,Center-right
801,33,Male,2,1800,East,5,4,No,Right
802,61,Female,2,800,East,8,2,Yes,Center-right
803,26,Female,4,2000,West,5,3,Yes,Left
804,66,Female,4,1800,East,9,3,No,Right
805,29,Female,2,1500,West,10,3,No,Center-right
806,32,Male,4,2450,West,8,3,Yes,Center-left
807,70,Male,1,1100,East,5,2,No,Right
808,44,Male,2,2875,West,9,2,No,Center-left
809,82,Male,2,1800,East,8,3,No,Left
810,38,Male,2,1350,East,8,3,No,Center-left
811,21,Male,1,1200,West,4,3,No,Left
812,48,Male,4,1188,East,3,4,No,Center-right
813,76,Female,2,800,West,10,3,No,Center-right
814,35,Female,1,938,East,8,3,No,Center-left
815,28,Female,3,1625,West,8,4,No,Right
816,64,Female,4,3000,West,8,3,No,Center-left
817,24,Female,4,570,East,8,3,No,Left
818,26,Female,4,480,West,8,4,Yes,Center-left
819,67,Male,4,7500,West,10,3,No,Center-right
820,88,Female,1,1100,East,10,2,Yes,Center-left
821,78,Male,2,1400,East,8,3,No,Center-left
822,62,Female,2,900,East,9,2,No,Center-left
823,60,Female,4,1900,East,5,1,No,Left
824,64,Female,1,700,West,10,3,No,Center-left
825,27,Male,4,3000,East,8,4,No,Center-left
826,75,Female,2,78,West,10,3,No,Center-right
827,53,Female,2,938,East,7,3,No,Left
828,53,Female,2,800,West,7,3,Yes,Center-right
829,34,Female,4,2200,West,10,4,Yes,Center-right
830,33,Female,4,2100,West,9,3,No,Center-right
831,42,Female,4,2600,West,8,3,Yes,Center-right
832,54,Male,2,1000,East,3,1,No,Center-left
833,76,Male,1,1188,East,8,1,No,Center-right
834,63,Male,4,3500,East,8,3,No,Center-right
835,51,Male,4,2875,West,4,3,Yes,Left
836,44,Female,4,1500,West,8,3,No,Left
837,72,Female,4,620,East,7,2,No,Center-right
838,20,Male,2,1625,West,10,4,No,Right
839,56,Male,2,2500,West,9,2,No,Center-right
840,43,Female,4,4000,West,8,4,No,Center-right
841,36,Male,2,1800,West,9,4,Yes,Center-right
842,50,Female,2,2400,East,8,3,No,Center-right
843,33,Female,2,770,West,8,3,No,Center-right
844,48,Female,4,1200,West,8,4,No,Center-left
845,35,Female,1,688,West,10,4,No,Left
846,58,Male,1,4000,West,8,3,No,Center-left
847,64,Female,1,938,West,7,1,No,Center-left
848,20,Female,1,435,West,5,0,Yes,Left
849,60,Female,2,1500,East,9,3,No,Center-left
850,44,Male,1,970,West,7,3,No,Left
851,44,Male,1,2000,West,6,2,No,Center-right
852,45,Male,2,1600,West,8,3,No,Center-right
853,65,Female,1,901,West,8,2,No,Center-right
854,37,Female,2,2100,West,7,3,No,Center-right
855,68,Male,1,1200,West,9,3,No,Center-right
856,65,Male,4,650,East,7,2,No,Left
857,68,Male,2,1850,West,8,3,No,Left
858,36,Male,2,2500,West,4,3,No,Right
859,76,Male,2,820,West,4,3,No,Center-right
860,87,Male,4,1000,East,8,3,No,Left
861,49,Male,4,4500,West,7,3,No,Center-left
862,47,Male,4,2200,East,9,4,No,Right
863,44,Female,1,800,West,10,3,No,Center-left
864,21,Female,4,457,East,10,3,No,Center-right
865,70,Female,3,813,West,9,1,No,Center-right
866,73,Female,1,1000,East,9,3,No,Left
867,56,Female,1,1300,West,5,2,No,Center-right
868,77,Male,1,1600,West,8,3,No,Center-right
869,33,Male,4,3000,West,9,3,No,Center-left
870,81,Female,1,800,East,6,3,No,Left
871,70,Female,1,1200,West,9,2,No,Left
872,53,Male,2,2800,East,9,3,No,Left
873,64,Female,2,1100,West,9,2,No,Center-left
874,62,Male,1,2700,West,8,3,No,Center-left
875,44,Female,2,813,West,9,3,No,Left
876,69,Male,1,970,West,6,2,No,Center-left
877,54,Female,2,1400,West,6,1,No,Center-right
878,21,Male,4,950,West,9,3,No,Center-right
879,41,Male,2,2375,West,8,3,No,Center-right
880,65,Female,2,2000,West,8,3,No,Center-left
881,47,Male,1,1400,East,6,2,No,Right
882,79,Female,2,300,West,8,2,Yes,Center-right
883,61,Male,1,404,West,5,0,No,Right
884,47,Male,3,2500,West,7,3,No,Right
885,68,Female,1,550,West,10,3,No,Center-right
886,21,Female,2,735,West,9,4,Yes,Right
887,48,Female,4,2000,West,8,3,Yes,Left
888,44,Female,4,950,West,10,3,No,Center-right
889,59,Male,1,3500,West,10,4,No,Center-left
890,59,Female,2,2125,West,8,2,No,Center-left
891,52,Female,2,2200,West,9,3,No,Left
892,44,Male,4,3000,East,10,3,Yes,Center-right
893,62,Male,1,2000,West,10,4,No,Center-right
894,64,Male,4,1100,East,9,3,Yes,Right
895,66,Male,4,2500,West,8,3,No,Right
896,44,Female,4,3600,West,8,4,Yes,Left
897,33,Male,4,3300,West,9,3,No,Center-left
898,77,Male,1,1200,West,8,2,No,Center-right
899,61,Male,1,2500,West,9,1,No,Center-left
900,30,Male,3,1600,West,8,2,Yes,Left
901,80,Female,4,920,East,9,3,No,Left
902,47,Female,2,1260,West,8,3,No,Right
903,22,Male,4,1500,West,10,4,Yes,Left
904,37,Male,2,1875,West,8,2,No,Center-right
905,75,Male,2,1700,West,8,3,No,Center-right
906,86,Female,1,1400,East,7,2,No,Center-left
907,37,Male,2,1100,West,8,3,Yes,Center-left
908,41,Female,2,1200,West,9,3,No,Center-left
909,51,Male,2,1438,East,8,3,No,Center-left
910,65,Male,2,2300,West,10,3,Yes,Center-right
911,72,Female,1,880,East,5,2,No,Center-left
912,20,Female,1,300,West,8,3,Yes,Center-left
913,43,Male,4,4100,West,10,3,Yes,Center-right
914,59,Female,4,1800,East,8,2,No,Right
915,54,Male,2,2000,East,8,3,No,Left
916,64,Male,1,2200,West,9,3,No,Left
917,56,Female,3,1500,West,8,3,No,Left
918,31,Male,2,1500,West,8,3,No,Center-left
919,32,Female,1,500,West,8,3,No,Right
920,45,Male,4,1200,West,4,2,No,Center-left
921,26,Male,4,600,West,6,3,No,Center-right
922,20,Female,4,300,West,9,4,No,Center-right
923,81,Male,0,1600,West,8,3,No,Center-right
924,76,Male,1,1069,East,9,3,No,Center-left
925,18,Male,2,800,West,10,4,No,Center-left
926,28,Female,3,2150,West,9,4,No,Center-left
927,33,Female,2,165,East,6,4,No,Left
928,48,Female,2,1400,East,8,3,No,Center-right
929,86,Male,4,1438,West,8,3,Yes,Left
930,46,Female,2,1188,West,7,2,No,Left
931,55,Female,1,1100,West,9,1,No,Left
932,57,Female,2,1800,West,8,2,No,Right
933,74,Male,2,1220,East,5,0,No,Center-right
934,19,Female,2,340,West,9,4,No,Center-left
935,32,Female,2,765,West,9,4,No,Center-left
936,81,Male,1,1300,West,10,3,Yes,Right
937,57,Male,2,2300,West,9,3,Yes,Center-left
938,20,Male,2,680,East,8,4,No,Center-right
939,25,Female,4,450,East,4,1,Yes,Center-right
940,65,Male,4,2800,West,8,2,Yes,Right
941,45,Female,2,1200,West,8,4,No,Center-right
942,44,Male,4,650,West,8,4,No,Center-right
943,60,Male,1,1078,West,3,3,No,Right
944,35,Male,2,2200,West,10,4,No,Center-right
945,32,Female,4,4800,West,10,3,No,Center-right
946,65,Female,2,813,West,9,4,No,Center-left
947,56,Male,2,970,East,8,1,No,Center-right
948,85,Female,0,1800,East,7,1,Yes,Center-left
949,70,Female,4,2875,West,9,2,No,Center-right
950,65,Female,3,1300,West,8,2,No,Left
951,36,Female,4,2800,West,7,1,Yes,Left
952,65,Female,2,430,West,9,2,No,Center-right
953,36,Male,4,3500,West,7,3,Yes,Center-right
954,51,Male,2,2300,East,9,3,No,Right
955,77,Female,2,2400,West,8,2,Yes,Center-right
956,60,Male,1,2500,West,10,2,No,Center-left
957,85,Male,0,900,East,7,2,No,Center-right
958,58,Female,2,700,East,7,3,No,Left
959,34,Female,4,2125,West,8,4,No,Left
960,69,Male,2,3500,West,9,2,No,Center-right
961,48,Female,4,450,West,8,4,Yes,Center-right
962,63,Male,2,3000,West,10,2,No,Center-left
963,62,Male,2,1000,East,10,2,No,Right
964,56,Male,1,5000,West,10,3,No,Center-right
965,56,Female,2,1700,East,5,3,No,Left
966,66,Male,4,1600,West,8,3,No,Center-left
967,67,Female,4,813,East,7,3,No,Center-right
968,81,Female,1,1500,West,4,0,No,Center-right
969,78,Female,2,1200,West,8,2,No,Center-right
970,65,Male,2,528,East,8,2,No,Center-right
971,70,Female,1,800,West,8,3,No,Center-right
972,42,Female,4,1900,West,7,3,No,Center-left
973,79,Male,1,1800,East,8,2,No,Center-right
974,47,Female,2,1188,East,5,2,No,Center-left
975,66,Female,2,1200,West,8,2,No,Center-right
976,88,Female,2,2500,East,6,1,No,Left
977,66,Male,3,1300,East,9,3,No,Left
978,84,Female,0,2000,West,10,2,No,Center-left
979,36,Male,4,2000,East,7,3,No,Right
980,76,Male,1,1340,West,9,3,No,Right
981,82,Female,1,997,East,7,2,No,Center-left
982,82,Male,4,2000,West,9,3,No,Left
983,35,Male,1,2000,West,7,2,No,Center-right
984,55,Female,2,1188,West,10,2,No,Center-right
985,55,Male,1,2600,West,9,2,No,Left
986,41,Male,2,1500,West,10,3,No,Center-right
987,37,Female,1,900,West,10,3,No,Left
988,76,Male,1,900,East,8,1,No,Center-right
989,63,Male,1,2000,West,7,2,No,Center-right
990,51,Male,2,1400,East,5,3,No,Right
991,69,Male,4,2125,East,8,4,No,Center-right
992,52,Male,1,2000,West,10,3,No,Center-right
993,67,Female,2,850,West,10,4,No,Center-right
994,25,Female,4,1600,West,8,4,No,Center-right
995,34,Female,2,1900,West,8,3,No,Left
996,51,Male,2,1100,East,8,3,No,Right
997,65,Male,1,1800,West,9,3,No,Left
998,42,Male,4,4000,West,8,3,No,Center-left
999,57,Male,2,136,West,1,0,Yes,Right
1000,43,Female,4,1600,West,8,3,No,Center-right
1001,75,Female,2,1200,West,7,1,No,Center-left
1002,35,Male,3,1000,West,9,3,No,Left
1003,33,Female,4,3000,East,8,3,Yes,Center-right
1004,73,Female,2,955,East,5,0,No,Center-right
1005,62,Female,2,1300,East,8,4,No,Center-right
1006,33,Male,4,600,West,7,4,Yes,Center-right
1007,34,Male,4,1800,West,9,3,No,Left
1008,52,Female,2,950,East,5,2,No,Right
1009,66,Male,2,500,East,7,2,No,Left
1010,46,Male,4,3500,East,8,4,No,Center-right
1011,32,Male,2,3500,West,7,3,No,Left
1012,28,Female,4,600,West,7,3,No,Center-left
1013,67,Male,4,2400,West,8,3,Yes,Center-right
1014,26,Male,2,2000,West,8,3,Yes,Left
1015,57,Male,2,3500,West,8,3,No,Center-right
1016,49,Female,2,1400,West,9,3,No,Center-right
1017,62,Female,1,950,West,5,0,No,Left
1018,78,Male,1,3000,West,8,2,No,Center-right
1019,67,Female,2,950,East,9,3,No,Center-left
1020,81,Male,2,3000,West,8,3,No,Center-right
1021,20,Male,4,300,West,9,4,No,Center-left
1022,48,Female,4,2850,West,9,4,No,Center-right
1023,38,Male,1,2300,West,10,1,Yes,Left
1024,80,Female,4,2000,West,10,1,Yes,Center-left
1025,21,Female,1,1100,West,8,2,No,Center-left
1026,39,Female,2,850,West,10,4,No,Left
1027,59,Male,4,3750,West,9,3,No,Center-right
1028,36,Female,4,1000,West,10,4,Yes,Left
1029,45,Male,4,2000,West,7,2,No,Left
1030,38,Male,2,5000,West,10,3,No,Center-right
1031,36,Male,1,2000,West,9,4,No,Center-left
1032,47,Female,2,1000,West,7,3,No,Left
1033,71,Male,2,1400,West,8,3,Yes,Center-right
1034,76,Male,4,8000,West,9,3,No,Center-left
1035,60,Male,2,4200,East,8,1,No,Center-right
1036,34,Female,3,1600,West,8,3,No,Center-right
1037,22,Male,3,700,West,7,3,No,Center-left
1038,65,Male,1,3500,West,6,2,No,Center-right
1039,50,Male,4,3600,East,9,3,No,Center-left
1040,69,Female,4,2875,East,8,3,No,Left
1041,69,Female,1,650,West,5,1,No,Center-right
1042,67,Female,2,500,West,10,3,Yes,Center-right
1043,55,Female,2,1500,East,5,2,No,Right
1044,45,Male,2,2000,West,9,3,No,Center-right
1045,50,Female,2,1200,West,8,3,No,Center-left
1046,48,Male,1,3100,West,8,3,No,Right
1047,71,Male,2,1100,East,7,2,No,Center-left
1048,34,Male,2,1711,East,6,2,No,Left
1049,71,Male,1,2125,West,8,2,No,Center-right
1050,65,Male,4,2000,West,10,3,Yes,Center-right
1051,67,Male,3,1800,West,9,3,No,Center-left
1052,63,Female,2,1000,East,9,4,No,Left
1053,44,Male,4,3100,West,9,3,No,Center-right
1054,82,Female,1,1500,West,10,2,No,Center-right
1055,56,Female,4,2700,West,8,3,No,Left
1056,49,Male,4,2000,West,5,2,No,Center-left
1057,67,Male,2,8750,West,9,2,No,Left
1058,29,Female,4,1500,West,9,4,Yes,Center-right
1059,51,Female,2,1875,West,9,3,No,Center-left
1060,73,Male,2,1625,East,8,2,No,Right
1061,51,Female,2,813,West,8,3,No,Center-right
1062,21,Female,3,450,West,3,3,No,Left
1063,37,Male,1,837,West,5,2,Yes,Right
1064,74,Female,4,2500,West,8,3,No,Center-right
1065,23,Male,3,250,West,8,3,No,Left
1066,43,Female,2,1400,West,8,3,No,Center-left
1067,77,Female,1,1400,East,6,2,No,Center-left
1068,52,Male,2,1600,East,10,3,No,Center-left
1069,76,Male,3,4500,West,8,4,Yes,Center-right
1070,22,Female,4,280,West,9,3,No,Left
1071,26,Male,4,650,West,6,3,No,Center-right
1072,31,Male,3,1600,West,9,4,No,Left
1073,57,Female,1,1400,West,10,4,No,Center-right
1074,70,Female,2,1800,West,8,3,No,Center-right
1075,58,Female,3,2000,West,3,2,No,Center-right
1076,59,Male,1,1800,West,7,3,No,Center-right
1077,47,Female,4,1200,West,8,3,Yes,Center-right
1078,31,Female,4,2400,West,10,4,No,Center-right
1079,24,Male,2,1313,West,7,3,No,Center-left
1080,41,Female,3,1313,West,9,4,No,Center-right
1081,55,Male,3,1700,West,10,2,No,Left
1082,37,Female,1,983,West,7,4,No,Center-right
1083,64,Male,1,1185,West,9,2,No,Center-right
1084,52,Female,2,938,West,9,3,No,Right
1085,44,Male,4,1750,West,7,3,No,Center-right
1086,45,Female,2,675,East,7,1,No,Center-left
1087,21,Male,4,1188,West,10,4,No,Center-right
1088,52,Male,4,3800,East,7,3,Yes,Left
1089,40,Female,1,1000,West,6,2,No,Center-right
1090,35,Male,4,1734,West,9,4,Yes,Center-left
1091,72,Female,3,460,West,9,2,No,Left
1092,40,Female,4,800,East,7,3,No,Left
1093,73,Female,2,1016,East,5,2,No,Center-left
1094,78,Male,1,1220,East,7,1,No,Left
1095,71,Female,4,1050,East,8,2,No,Center-left
1096,72,Female,2,1800,East,8,2,No,Left
1097,81,Male,4,1800,East,8,2,No,Center-right
1098,75,Male,3,3800,East,8,2,No,Center-left
1099,72,Male,2,4200,West,8,2,No,Center-right
1100,46,Female,4,1600,East,9,4,Yes,Left
1101,60,Male,2,1350,West,8,3,No,Right
1102,58,Male,2,1063,East,8,3,No,Left
1103,55,Male,1,720,West,5,1,No,Left
1104,49,Female,4,1188,West,7,2,Yes,Center-right
1105,91,Male,2,1600,West,5,2,No,Center-left
1106,60,Male,2,2000,East,8,2,No,Right
1107,72,Female,2,890,West,9,3,No,Center-right
1108,37,Male,4,2300,West,9,4,Yes,Left
1109,49,Female,2,813,East,8,2,No,Right
1110,42,Female,1,700,West,8,3,No,Center-left
1111,37,Female,4,2000,West,8,3,Yes,Center-right
1112,77,Male,1,1200,West,8,3,No,Center-right
1113,38,Male,1,532,West,3,1,No,Right
1114,24,Female,4,597,East,7,3,Yes,Left
1115,66,Male,1,1800,West,7,1,Yes,Right
1116,41,Female,2,1188,East,6,3,No,Left
1117,46,Male,4,4000,West,8,4,Yes,Left
1118,75,Female,2,360,West,8,3,No,Left
1119,36,Male,4,3500,West,10,3,No,Center-right
1120,54,Female,1,1100,West,10,2,No,Center-left
1121,46,Male,2,2300,West,8,3,No,Center-right
1122,41,Male,1,1500,East,8,3,Yes,Right
1123,68,Male,1,780,West,9,1,No,Center-right
1124,77,Female,2,2000,West,10,2,No,Center-right
1125,73,Male,1,930,East,5,2,No,Right
1126,51,Female,4,3300,West,10,4,No,Center-right
1127,78,Male,1,1450,East,8,2,No,Right
1128,64,Male,2,1400,West,5,4,No,Center-right
1129,54,Female,4,1200,West,9,3,Yes,Center-right
1130,64,Male,2,3500,West,8,3,No,Center-right
1131,65,Male,2,1010,East,9,3,No,Center-right
1132,59,Male,2,1100,East,7,2,No,Left
1133,38,Female,2,450,West,9,3,Yes,Center-left
1134,52,Male,3,2500,East,8,1,No,Right
1135,38,Female,4,840,West,6,3,Yes,Left
1136,36,Male,2,1400,East,5,2,No,Center-right
1137,59,Male,3,2600,West,10,3,No,Center-right
1138,51,Male,2,1500,East,5,2,No,Center-left
1139,78,Female,1,938,East,5,1,No,Center-right
1140,38,Male,1,3000,West,10,3,Yes,Left
1141,61,Male,2,600,East,3,0,No,Right
1142,69,Female,1,1000,West,10,3,No,Center-left
1143,74,Male,2,3200,West,8,3,No,Center-right
1144,35,Female,2,1100,East,7,3,No,Left
1145,36,Female,4,1370,East,7,0,No,Left
1146,59,Male,4,2125,West,9,3,No,Center-left
1147,33,Male,4,3500,West,8,4,Yes,Center-right
1148,61,Female,1,900,West,8,1,Yes,Center-left
1149,65,Male,4,8000,East,8,3,No,Center-left
1150,45,Female,1,1000,West,3,1,No,Right
1151,52,Male,1,1600,West,8,2,No,Right
1152,67,Female,4,2500,West,8,2,No,Left
1153,74,Male,1,1050,East,7,1,No,Center-right
1154,43,Female,4,1100,East,8,3,No,Center-left
1155,74,Female,1,600,West,10,0,No,Center-left
1156,34,Male,3,1700,West,8,3,No,Center-left
1157,55,Male,4,2000,East,8,3,Yes,Left
1158,30,Male,4,400,West,8,3,Yes,Left
1159,24,Male,4,700,West,8,2,No,Center-left
1160,77,Male,3,3300,West,8,2,No,Center-right
1161,80,Male,1,900,West,10,3,No,Center-right
1162,62,Female,4,2000,East,9,2,No,Center-right
1163,52,Female,2,1200,West,8,3,No,Left
1164,24,Female,3,300,East,9,3,No,Left
1165,40,Female,3,2050,West,9,3,No,Center-right
1166,72,Male,2,900,East,3,2,No,Left
1167,23,Male,4,500,West,7,2,No,Left
1168,26,Female,2,1550,West,8,4,No,Left
1169,64,Female,4,564,West,9,4,No,Center-right
1170,64,Male,3,2625,West,8,3,No,Right
1171,84,Female,1,1440,East,8,2,No,Center-right
1172,54,Male,2,1900,West,6,0,No,Right
1173,52,Male,2,5000,East,9,3,No,Right
1174,85,Male,4,5000,West,7,1,No,Right
1175,30,Male,2,1700,West,8,2,No,Center-left
1176,58,Female,2,1800,West,7,3,No,Center-left
1177,34,Female,3,1300,East,9,3,No,Center-right
1178,58,Male,4,3400,West,8,3,No,Left
1179,38,Male,3,4500,West,10,2,Yes,Center-right
1180,75,Female,1,1050,West,3,0,No,Center-right
1181,76,Female,2,750,West,9,2,No,Left
1182,40,Male,2,300,West,3,1,No,Center-left
1183,27,Male,0,900,East,5,4,No,Center-right
1184,34,Male,3,8750,West,7,3,No,Center-right
1185,67,Male,4,2000,West,8,3,Yes,Left
1186,55,Female,2,688,East,8,2,No,Left
1187,28,Female,4,1600,West,6,2,No,Left
1188,54,Male,2,2200,West,8,3,Yes,Center-left
1189,85,Male,1,1000,West,10,0,No,Center-right
1190,33,Female,4,2640,West,7,2,No,Center-right
1191,68,Female,1,1100,East,0,2,No,Center-left
1192,27,Female,2,1350,East,9,3,No,Left
1193,54,Male,4,7000,West,9,4,Yes,Left
1194,26,Male,3,2100,West,3,4,No,Right
1195,87,Male,4,5000,West,9,3,No,Right
1196,56,Female,4,4000,East,9,2,No,Center-right
1197,64,Female,1,350,West,9,2,No,Center-right
1198,40,Male,2,2500,West,8,3,No,Center-right
1199,43,Male,4,4200,West,8,3,No,Center-left
1200,47,Female,1,938,East,8,3,No,Center-right
1201,38,Male,4,1600,East,6,3,No,Center-left
1202,51,Male,2,3500,West,9,2,No,Center-right
1203,53,Male,1,2500,West,8,2,No,Right
1204,31,Male,2,2700,West,8,2,No,Center-right
1205,67,Female,2,982,West,6,1,No,Center-right
1206,52,Female,1,360,West,0,0,No,Left
1207,57,Female,4,2000,East,10,4,No,Center-right
1208,58,Male,2,2125,East,8,2,No,Center-right
1209,65,Female,2,900,East,4,1,No,Left
1210,69,Male,1,1600,West,9,2,No,Center-left
1211,57,Male,4,6000,West,9,3,No,Center-right
1212,48,Male,4,3500,West,9,3,Yes,Left
1213,48,Male,2,2500,East,8,3,No,Center-right
1214,63,Male,2,650,East,5,1,No,Center-left
1215,56,Female,2,2000,West,8,3,No,Center-left
1216,51,Female,2,1600,West,9,3,No,Center-right
1217,85,Female,2,2000,West,5,1,No,Center-left
1218,37,Male,2,2600,West,9,4,Yes,Center-right
1219,59,Male,4,3000,East,7,2,No,Left
1220,18,Male,4,550,West,7,1,Yes,Left
1221,75,Female,4,300,West,10,4,No,Center-right
1222,54,Male,3,4500,West,8,0,Yes,Right
1223,57,Male,4,4500,East,8,3,No,Center-right
1224,59,Male,2,750,East,7,1,No,Right
1225,65,Male,4,660,East,3,1,No,Right
1226,23,Male,4,400,East,8,3,No,Center-right
1227,37,Male,4,2000,East,8,4,Yes,Center-right
1228,52,Male,4,3500,West,7,3,No,Center-right
1229,26,Female,0,399,West,4,1,No,Center-left
1230,38,Female,4,1200,West,9,2,Yes,Left
1231,85,Male,1,1600,West,8,1,No,Center-right
1232,43,Female,2,590,West,6,3,No,Left
1233,24,Male,4,400,West,6,4,No,Center-left
1234,62,Male,1,2000,West,9,3,No,Right
1235,54,Male,1,1000,East,9,2,No,Left
1236,79,Male,4,1600,West,10,2,Yes,Center-right
1237,58,Female,4,4300,West,10,4,No,Center-right
1238,51,Male,3,875,West,10,2,Yes,Center-left
1239,71,Male,4,2125,West,8,4,Yes,Center-right
1240,33,Male,4,2400,West,8,4,Yes,Left
1241,82,Female,4,700,East,9,2,No,Left
1242,25,Male,4,1000,West,8,3,No,Right
1243,26,Female,4,1000,West,10,3,Yes,Center-right
1244,68,Female,2,350,West,10,4,No,Left
1245,48,Female,4,4000,West,8,3,No,Left
1246,70,Male,4,3200,West,10,3,Yes,Center-left
1247,64,Female,2,1100,West,10,3,No,Left
1248,77,Female,1,200,West,7,1,No,Center-left
1249,30,Male,2,1550,West,8,2,Yes,Center-left
1250,74,Male,4,1700,East,6,2,No,Center-right
1251,87,Male,1,700,West,5,0,No,Center-right
1252,30,Female,2,2200,West,8,3,No,Left
1253,78,Female,4,530,West,9,2,No,Center-right
1254,48,Male,4,2000,West,8,3,No,Center-right
1255,63,Female,1,1300,West,9,3,No,Center-right
1256,33,Female,4,2300,West,8,2,No,Left
1257,65,Male,1,1300,West,6,0,No,Center-left
1258,54,Female,1,1100,West,5,1,No,Right
1259,62,Male,2,2500,West,8,2,No,Center-right
1260,18,Female,4,65,West,9,4,No,Left
1261,42,Female,2,1300,West,8,3,Yes,Center-left
1262,41,Male,2,380,East,3,3,No,Left
1263,51,Male,2,3900,West,9,3,No,Center-left
1264,20,Female,4,1200,West,8,4,No,Center-left
1265,46,Male,2,2625,East,8,3,No,Left
1266,76,Female,0,500,East,9,3,No,Center-left
1267,55,Male,4,2300,East,9,3,No,Left
1268,67,Male,1,1438,West,9,3,No,Center-right
1269,52,Female,1,1900,West,8,4,No,Left
1270,36,Female,4,1800,West,9,3,Yes,Left
1271,29,Male,4,2600,West,4,4,No,Center-left
1272,86,Female,4,3300,West,9,2,No,Center-right
1273,73,Male,1,2400,West,0,3,No,Center-right
1274,54,Female,1,563,East,1,0,No,Right
1275,50,Female,4,900,West,8,2,No,Left
1276,37,Male,4,1400,West,9,3,No,Left
1277,72,Male,4,3500,West,8,3,No,Center-right
1278,68,Female,2,250,West,9,1,No,Center-right
1279,57,Female,1,674,West,5,0,No,Center-right
1280,73,Male,1,1200,West,7,0,No,Left
1281,50,Female,2,1100,West,8,3,No,Center-left
1282,51,Male,3,2700,West,9,2,No,Center-right
1283,45,Male,2,2125,West,7,4,Yes,Center-left
1284,51,Female,2,1700,East,8,3,No,Center-right
1285,45,Female,4,150,West,7,3,No,Left
1286,47,Female,2,2000,East,10,3,No,Left
1287,19,Male,3,700,West,9,4,No,Center-left
1288,23,Male,4,500,East,8,4,No,Left
1289,50,Male,1,1040,West,6,4,No,Center-left
1290,70,Female,1,730,East,8,2,No,Center-right
1291,71,Female,1,2200,West,7,2,No,Center-right
1292,62,Male,2,2050,West,8,2,No,Right
1293,45,Female,3,450,West,10,4,Yes,Center-right
1294,59,Female,2,1600,West,10,4,No,Center-left
1295,31,Male,2,2400,West,8,1,No,Center-right
1296,28,Female,4,2125,West,8,3,Yes,Center-right
1297,29,Female,4,2600,West,10,4,Yes,Left
1298,84,Male,4,1500,East,8,3,No,Center-right
1299,36,Female,1,1625,West,9,3,No,Center-left
1300,58,Female,2,700,West,10,2,No,Left
1301,34,Male,2,1600,East,7,3,No,Right
1302,62,Male,2,2875,West,7,2,No,Left
1303,46,Male,2,938,East,2,1,No,Left
1304,61,Female,2,2300,West,5,3,No,Center-left
1305,21,Female,4,620,West,10,3,No,Left
1306,76,Male,4,2400,West,8,2,No,Center-right
1307,81,Female,4,1080,East,5,2,No,Center-right
1308,53,Male,2,800,East,7,1,No,Center-right
1309,41,Male,4,4500,West,9,3,No,Center-right
1310,26,Female,2,1100,East,8,4,No,Center-right
1311,74,Male,4,1400,East,10,2,No,Center-left
1312,59,Male,1,1900,West,8,2,No,Right
1313,53,Female,1,1000,West,5,2,No,Center-right
1314,35,Female,4,670,West,9,3,No,Center-right
1315,40,Female,4,1313,West,8,2,Yes,Center-right
1316,59,Female,1,3000,West,5,2,No,Right
1317,60,Male,1,2000,West,8,1,No,Center-right
1318,37,Male,1,1050,East,7,3,No,Right
1319,83,Male,3,1200,East,7,1,No,Center-left
1320,44,Female,2,1188,West,3,1,No,Center-right
1321,45,Female,4,1800,West,6,3,No,Left
1322,49,Female,2,1200,West,10,3,No,Left
1323,83,Female,1,520,West,10,3,No,Center-left
1324,50,Male,1,1438,West,8,1,No,Center-left
1325,42,Female,3,100,West,9,1,No,Left
1326,45,Male,4,4500,West,9,3,Yes,Center-left
1327,60,Male,1,600,West,8,2,No,Center-right
1328,57,Male,2,2875,West,7,2,No,Center-left
1329,50,Male,4,3400,East,8,2,No,Center-right
1330,68,Male,2,800,West,4,2,No,Center-left
1331,42,Female,2,4000,West,9,4,No,Center-left
1332,27,Female,4,1600,West,9,4,No,Center-right
1333,90,Male,1,2125,West,9,2,Yes,Center-right
1334,36,Female,2,650,West,9,4,No,Center-right
1335,27,Female,4,400,East,7,1,No,Left
1336,59,Female,3,1700,West,10,2,No,Center-right
1337,26,Female,1,750,West,3,2,No,Left
1338,30,Male,4,2000,West,8,3,No,Center-right
1339,31,Female,4,830,East,1,0,No,Left
1340,53,Male,4,2400,West,8,2,No,Left
1341,43,Female,4,2875,East,9,3,Yes,Center-left
1342,81,Female,2,1833,West,8,1,No,Center-left
1343,38,Male,1,1600,West,9,4,No,Left
1344,72,Male,1,1980,West,5,1,Yes,Left
1345,30,Male,3,2400,West,8,4,Yes,Center-left
1346,38,Female,2,2250,West,9,3,No,Center-right
1347,81,Female,2,1100,West,9,3,Yes,Center-left
1348,70,Male,2,2625,West,10,2,No,Center-right
1349,54,Male,2,3500,West,8,3,No,Center-right
1350,69,Female,2,1400,East,5,0,No,Center-left
1351,29,Female,3,1700,West,9,3,No,Center-right
1352,56,Female,1,1400,West,5,3,No,Center-left
1353,45,Female,2,2200,East,9,3,No,Center-left
1354,19,Female,4,1000,East,9,4,No,Left
1355,46,Female,2,950,West,8,3,No,Center-right
1356,35,Female,2,665,East,8,1,No,Right
1357,75,Male,2,2200,West,8,0,No,Center-right
1358,43,Male,4,3500,East,8,3,No,Right
1359,45,Male,2,1200,East,7,2,No,Center-right
1360,49,Male,2,1700,West,8,2,No,Right
1361,47,Female,2,400,East,6,4,No,Left
1362,45,Female,2,350,East,10,3,No,Right
1363,55,Male,1,3000,West,7,2,No,Center-left
1364,35,Male,3,2100,East,8,3,No,Right
1365,56,Female,4,450,West,10,3,Yes,Center-right
1366,55,Female,3,800,West,8,4,No,Center-right
1367,40,Male,2,2500,West,10,4,No,Center-left
1368,69,Male,2,1200,East,8,3,No,Right
1369,69,Male,2,922,West,10,2,No,Center-left
1370,24,Female,3,600,West,8,3,Yes,Left
1371,22,Male,4,300,West,8,3,No,Center-right
1372,57,Female,2,1000,East,3,0,No,Center-right
1373,51,Female,2,1000,East,5,2,No,Right
1374,59,Male,4,1800,West,9,2,No,Center-left
1375,63,Male,3,2000,West,9,2,No,Left
1376,40,Female,3,2000,West,9,1,No,Left
1377,79,Male,1,1200,West,10,2,No,Center-left
1378,51,Female,2,1500,West,10,3,No,Left
1379,66,Male,4,1300,East,8,4,Yes,Left
1380,44,Female,3,1500,West,6,3,Yes,Left
1381,63,Female,2,820,West,10,2,No,Center-right
1382,37,Female,4,1500,West,9,2,No,Center-right
1383,50,Female,4,2300,West,10,4,Yes,Left
1384,45,Male,1,1500,East,6,3,Yes,Left
1385,75,Female,1,1200,West,6,2,No,Center-right
1386,74,Male,4,2300,West,9,3,No,Center-right
1387,73,Male,1,1200,West,7,3,Yes,Right
1388,35,Male,2,1500,East,8,3,No,Center-right
1389,75,Male,2,950,East,5,2,No,Center-left
1390,77,Male,2,1500,West,8,1,No,Center-left
1391,51,Female,3,2000,West,9,3,Yes,Left
1392,72,Male,4,6500,West,8,4,Yes,Center-right
1393,36,Female,4,1400,East,9,4,No,Right
1394,49,Female,2,2500,West,9,3,No,Center-left
1395,69,Male,1,1100,West,10,2,No,Center-right
1396,28,Female,2,200,West,8,4,No,Center-left
1397,72,Male,1,2000,East,10,4,No,Center-right
1398,22,Male,4,650,West,8,4,No,Center-right
1399,37,Female,2,880,East,8,2,No,Left
1400,55,Female,2,1350,West,6,4,No,Right
1401,86,Female,1,1400,West,10,2,No,Center-right
1402,30,Male,3,650,West,8,3,No,Right
1403,25,Female,4,1875,West,8,2,No,Center-left
1404,28,Female,4,450,West,9,4,Yes,Left
1405,55,Female,2,1313,East,8,2,No,Center-left
1406,37,Male,3,1200,East,9,3,Yes,Center-right
1407,42,Female,3,990,West,8,2,Yes,Center-left
1408,46,Male,4,4000,West,8,3,No,Center-right
1409,78,Female,1,1875,East,5,3,No,Left
1410,33,Female,2,1200,West,10,4,No,Center-left
1411,50,Male,1,1100,East,10,3,No,Left
1412,34,Male,2,760,East,5,4,No,Right
1413,34,Female,2,1800,West,8,1,No,Right
1414,72,Male,4,3000,West,7,3,No,Center-right
1415,33,Female,3,1200,West,9,4,No,Center-right
1416,74,Male,4,4000,West,6,2,Yes,Center-right
1417,89,Male,2,2800,West,8,1,No,Center-right
1418,57,Male,2,1400,East,8,3,No,Right
1419,60,Male,2,900,West,3,2,No,Right
1420,65,Male,2,735,East,10,4,No,Left
1421,46,Female,4,3300,West,9,4,Yes,Center-right
1422,58,Male,2,4000,West,8,2,No,Right
1423,66,Male,1,720,East,9,2,No,Left
1424,58,Male,4,4200,West,9,2,No,Center-right
1425,58,Male,2,3000,East,9,4,No,Right
1426,60,Male,2,1188,East,6,2,Yes,Center-right
1427,51,Male,4,6250,West,7,2,No,Right
1428,60,Male,4,2000,West,8,2,Yes,Left
1429,52,Male,2,4400,West,8,2,No,Center-right
1430,19,Female,2,950,East,10,3,No,Center-left
1431,48,Male,4,4500,West,8,3,Yes,Center-right
1432,26,Male,2,1200,East,7,1,No,Center-left
1433,40,Female,4,2200,West,9,2,No,Center-right
1434,66,Female,2,1000,East,9,0,No,Center-right
1435,30,Male,4,2500,West,9,4,No,Center-right
1436,60,Female,2,400,East,7,2,No,Center-right
1437,71,Female,1,600,West,6,2,No,Center-left
1438,60,Female,2,750,East,10,3,No,Center-right
1439,56,Female,3,2070,East,7,2,No,Center-right
1440,85,Male,1,1200,East,8,2,No,Left
1441,79,Female,1,1000,West,9,1,No,Center-right
1442,64,Male,4,2500,West,5,1,No,Center-left
1443,33,Female,4,500,East,9,4,Yes,Center-left
1444,36,Female,1,1500,West,7,2,Yes,Left
1445,70,Female,2,1313,West,10,4,Yes,Center-right
1446,48,Male,4,3000,West,7,2,No,Center-left
1447,48,Male,4,2200,East,8,4,No,Center-left
1448,61,Male,4,2300,West,7,2,Yes,Left
1449,47,Female,1,1500,West,9,3,No,Center-left
1450,88,Female,1,480,West,6,2,No,Center-right
1451,78,Male,4,1430,East,10,2,No,Center-left
1452,64,Male,4,3000,West,7,3,Yes,Right
1453,34,Male,2,1875,West,8,2,No,Center-left
1454,89,Male,3,1800,East,7,0,Yes,Center-left
1455,36,Female,4,1388,West,10,3,Yes,Left
1456,56,Female,4,1500,West,9,3,No,Center-right
1457,22,Male,4,440,East,7,4,No,Center-left
1458,56,Female,4,2050,West,4,1,Yes,Right
1459,37,Male,4,3500,West,10,4,No,Center-right
1460,35,Female,2,2500,West,3,1,No,Center-right
1461,27,Male,2,2300,East,9,4,Yes,Center-right
1462,56,Female,4,500,West,9,3,No,Left
1463,76,Female,1,1200,West,8,3,No,Center-right
1464,28,Male,2,1000,East,7,3,No,Right
1465,60,Female,3,2400,East,9,1,No,Left
1466,65,Male,2,1350,East,8,3,No,Right
1467,49,Female,2,1600,West,10,4,No,Center-left
1468,82,Female,1,1063,West,10,3,No,Center-left
1469,62,Male,2,1500,East,8,3,No,Left
1470,55,Male,1,2000,West,8,3,No,Center-right
1471,55,Female,2,2500,East,9,4,No,Center-left
1472,59,Male,1,2700,West,7,2,No,Right
1473,48,Female,3,1600,East,6,2,No,Center-right
1474,39,Male,2,1750,West,6,3,Yes,Right
1475,37,Female,1,300,West,9,2,No,Center-right
1476,42,Male,2,6500,West,10,3,No,Right
1477,65,Male,4,4500,West,9,1,Yes,Left
1478,52,Male,2,1438,East,8,3,No,Center-right
1479,21,Male,3,1300,East,6,3,No,Left
1480,42,Male,1,200,West,7,1,No,Right
1481,70,Female,4,150,West,8,2,No,Left
1482,50,Female,2,450,West,8,3,No,Center-right
1483,66,Male,4,2200,West,10,2,No,Center-left
1484,71,Female,1,1400,East,8,2,No,Right
1485,65,Male,1,1100,East,6,2,No,Right
1486,52,Male,1,2500,West,7,2,No,Center-right
1487,58,Female,1,1900,West,9,1,No,Center-left
1488,44,Male,4,5000,West,9,4,No,Center-right
1489,63,Female,2,1400,East,9,1,No,Center-right
1490,55,Male,2,1900,East,7,2,No,Left
1491,62,Female,1,2000,West,10,2,No,Center-left
1492,61,Male,2,2000,West,10,3,No,Right
1493,23,Female,4,1200,West,9,4,Yes,Left
1494,76,Male,1,2800,West,6,0,No,Left
1495,57,Female,2,688,West,9,3,No,Center-left
1496,76,Male,1,1350,West,8,1,No,Center-left
1497,59,Male,4,8750,West,8,2,Yes,Center-right
1498,53,Male,2,2500,West,5,2,No,Right
1499,37,Female,4,1500,East,9,3,Yes,Center-left
1500,48,Female,2,900,West,6,1,Yes,Center-right
1501,56,Female,1,320,West,5,0,No,Center-right
1502,32,Female,4,412,West,10,4,No,Left
1503,45,Male,2,1500,East,8,2,No,Center-left
1504,65,Female,2,586,East,6,1,No,Right
1505,57,Female,2,1600,East,9,2,No,Center-left
1506,46,Female,4,4500,West,9,4,No,Center-right
1507,43,Male,3,3500,West,8,2,Yes,Center-left
1508,79,Male,1,1438,West,9,1,No,Center-right
1509,45,Female,1,800,West,4,4,No,Center-right
1510,47,Female,3,1200,West,8,0,No,Left
1511,63,Female,2,2875,West,9,4,No,Center-right
1512,42,Male,3,5000,West,9,2,Yes,Center-right
1513,73,Male,4,6250,West,9,3,No,Center-right
1514,45,Male,3,1500,West,6,2,No,Right
1515,29,Female,4,1400,West,9,4,Yes,Left
1516,59,Female,3,800,West,8,1,No,Left
1517,48,Male,3,1400,West,8,1,No,Left
1518,55,Male,2,2400,West,6,3,Yes,Left
1519,82,Female,1,1500,East,5,1,No,Center-right
1520,63,Male,4,936,East,4,2,No,Right
1521,76,Male,1,900,East,8,1,No,Right
1522,31,Female,3,950,East,8,2,No,Left
1523,55,Male,1,1200,West,6,2,No,Right
1524,44,Female,2,500,West,8,3,No,Center-left
1525,64,Female,1,1300,West,7,4,No,Center-right
1526,52,Female,2,2000,East,8,3,No,Left
1527,64,Female,1,1300,West,10,3,No,Center-right
1528,21,Female,3,640,West,7,3,No,Center-left
1529,60,Male,4,5000,West,9,3,No,Left
1530,47,Male,2,2625,West,8,3,No,Center-left
1531,56,Female,1,200,West,9,4,No,Center-right
1532,32,Female,4,2000,East,9,4,No,Left
1533,59,Female,1,450,West,9,3,No,Left
1534,57,Male,1,2000,West,8,2,No,Left
1535,31,Male,2,1250,East,8,2,No,Center-left
1536,48,Male,4,3500,East,8,3,No,Center-left
1537,51,Male,4,2400,West,7,2,No,Center-right
1538,55,Female,2,1800,West,7,2,No,Left
1539,50,Male,1,2200,West,7,2,Yes,Left
1540,36,Male,4,3100,West,9,4,Yes,Right
1541,24,Female,4,476,East,5,3,No,Left
1542,42,Female,2,404,East,5,1,No,Right
1543,87,Male,2,1500,West,10,1,No,Center-right
1544,47,Female,2,1300,West,5,1,No,Center-right
1545,77,Female,2,1063,East,10,2,No,Left
1546,35,Female,4,1100,West,10,3,Yes,Center-right
1547,26,Male,4,1300,West,4,4,Yes,Center-right
1548,75,Female,1,450,West,9,3,Yes,Center-right
1549,69,Male,4,2000,West,9,2,No,Center-right
1550,56,Female,2,360,West,9,1,No,Center-left
1551,82,Male,2,2625,West,8,2,No,Center-right
1552,33,Male,4,3800,West,8,4,Yes,Left
1553,46,Male,2,2000,East,8,2,No,Left
1554,70,Male,1,1800,West,10,4,No,Center-right
1555,79,Male,4,3000,West,8,2,No,Center-left
1556,50,Female,2,1300,East,6,3,No,Left
1557,66,Female,2,688,West,9,4,No,Left
1558,56,Female,4,1350,West,10,3,No,Center-left
1559,52,Female,2,2000,East,10,4,No,Center-left
1560,75,Male,1,2700,West,9,3,No,Center-left
1561,68,Female,4,1000,West,9,1,Yes,Center-right
1562,30,Female,1,1000,West,3,1,No,Center-right
1563,62,Female,4,600,East,7,1,No,Center-right
1564,63,Male,2,1394,East,7,2,No,Left
1565,43,Male,4,1700,West,8,3,No,Left
1566,72,Female,2,1080,East,8,2,No,Center-left
1567,26,Female,2,1500,East,8,4,No,Center-right
1568,64,Male,4,9500,West,8,3,No,Center-right
1569,75,Female,1,520,West,10,4,No,Center-right
1570,78,Male,2,1200,West,0,2,No,Center-right
1571,48,Male,4,2500,West,8,3,No,Right
1572,68,Male,2,800,East,7,3,No,Center-left
1573,62,Female,1,1200,West,10,3,No,Center-left
1574,68,Male,2,650,East,8,1,Yes,Center-left
1575,31,Female,4,1300,West,8,4,Yes,Center-left
1576,63,Male,2,1500,East,8,1,No,Center-right
1577,21,Male,4,700,West,7,4,Yes,Left
1578,62,Female,1,887,West,10,2,No,Center-left
1579,39,Male,4,1200,West,5,1,Yes,Left
1580,83,Male,2,2500,West,9,3,Yes,Center-right
1581,22,Male,4,450,West,8,3,No,Center-left
1582,33,Female,2,359,East,5,1,No,Right
1583,80,Female,1,900,West,5,1,No,Center-right
1584,32,Male,3,8750,West,10,4,Yes,Center-right
1585,44,Female,2,1100,West,10,3,No,Left
1586,56,Male,4,2125,West,6,3,No,Left
1587,57,Male,2,2000,East,9,2,No,Center-right
1588,75,Female,2,1063,West,9,3,No,Right
1589,60,Male,1,2625,West,10,1,Yes,Right
1590,65,Male,3,1600,West,8,3,Yes,Center-left
1591,46,Female,2,3000,West,10,4,No,Center-right
1592,60,Female,4,2125,West,8,4,No,Center-right
1593,53,Female,2,500,West,8,4,No,Left
1594,57,Male,1,1500,West,8,1,Yes,Center-left
1595,75,Female,2,1500,East,9,3,No,Left
1596,63,Male,1,1313,West,7,3,No,Center-right
1597,23,Male,4,3000,West,10,4,No,Center-right
1598,82,Male,2,1100,East,5,3,No,Center-left
1599,22,Female,3,1600,West,10,3,No,Center-left
1600,43,Male,2,2300,West,9,3,No,Center-left
1601,45,Male,2,2875,East,8,3,No,Center-right
1602,25,Male,2,2100,West,8,1,No,Center-left
1603,46,Male,2,2000,East,9,3,No,Center-left
1604,65,Female,2,1000,West,9,3,No,Center-left
1605,24,Female,3,266,West,8,3,No,Left
1606,64,Male,2,1800,East,8,3,No,Left
1607,66,Female,1,1400,West,9,3,No,Center-right
1608,79,Male,1,1700,West,8,1,No,Center-left
1609,30,Male,2,2200,West,5,3,Yes,Right
1610,62,Female,2,600,East,10,3,No,Center-right
1611,76,Female,1,700,East,9,3,No,Center-right
1612,78,Female,1,4500,West,9,1,Yes,Left
1613,23,Male,2,1100,West,9,4,No,Right
1614,23,Female,4,550,East,7,3,Yes,Left
1615,34,Male,1,1450,East,8,3,No,Center-left
1616,23,Female,1,750,East,7,2,No,Left
1617,28,Female,3,770,West,5,4,No,Right
1618,67,Female,4,2000,East,8,3,No,Left
1619,32,Male,2,1438,East,8,3,No,Right
1620,43,Male,3,4000,West,8,3,No,Center-right
1621,48,Male,2,4000,West,7,4,No,Center-right
1622,43,Male,2,2375,West,8,3,No,Center-right
1623,52,Male,2,2875,West,9,3,No,Left
1624,74,Female,2,350,West,10,2,Yes,Center-right
1625,33,Male,2,1625,West,7,1,No,Right
1626,55,Male,4,3500,West,8,3,No,Center-right
1627,53,Female,2,1300,West,8,2,No,Left
1628,72,Male,1,1050,West,10,1,No,Center-right
1629,39,Male,4,2000,West,10,4,No,Center-right
1630,48,Male,2,1500,East,5,3,No,Center-right
1631,38,Male,2,1600,East,7,3,No,Center-right
1632,65,Female,2,560,East,5,2,No,Center-right
1633,52,Male,4,2700,West,8,2,No,Left
1634,91,Female,1,1200,West,6,3,No,Center-left
1635,49,Female,2,960,East,9,3,No,Center-left
1636,81,Male,1,800,West,5,0,No,Center-right
1637,37,Male,2,970,West,5,0,No,Right
1638,69,Male,1,2200,West,9,3,Yes,Center-right
1639,73,Female,2,2000,West,10,2,No,Left
1640,41,Female,4,1875,West,10,2,No,Center-left
1641,63,Male,4,2500,East,7,3,No,Center-right
1642,69,Female,2,938,East,7,3,No,Right
1643,61,Male,4,1500,West,8,3,Yes,Left
1644,54,Male,2,2500,East,6,2,No,Right
1645,57,Male,2,460,East,8,3,No,Center-right
1646,52,Male,3,1800,West,9,3,No,Left
1647,65,Male,3,2900,West,9,3,No,Center-right
1648,37,Female,4,1200,East,7,4,Yes,Center-right
1649,29,Male,4,2400,East,8,3,Yes,Center-left
1650,27,Female,4,813,West,8,3,Yes,Center-left
1651,21,Female,4,600,East,8,4,No,Center-right
1652,58,Male,4,3200,East,8,2,No,Left
1653,53,Male,2,2125,West,8,2,No,Center-right
1654,55,Male,4,4500,West,9,3,No,Left
1655,34,Male,2,1600,East,9,4,No,Center-right
1656,72,Male,1,1800,West,8,2,No,Center-left
1657,49,Female,2,1100,East,8,3,No,Left
1658,47,Male,3,4500,East,8,3,No,Center-right
1659,63,Male,1,2000,West,7,2,No,Right
1660,51,Female,3,2375,West,10,4,No,Center-right
1661,31,Female,2,900,West,9,3,Yes,Center-left
1662,54,Male,2,1400,East,8,3,No,Center-right
1663,73,Female,2,2500,West,8,2,No,Center-right
1664,71,Female,4,1200,West,10,2,Yes,Left
1665,38,Male,2,1625,East,8,2,No,Left
1666,54,Female,1,1200,West,8,2,No,Center-left
1667,22,Female,4,400,West,8,4,No,Left
1668,50,Male,1,2700,West,8,3,No,Center-right
1669,67,Female,1,1400,West,9,3,No,Center-left
1670,19,Female,3,350,West,10,4,No,Center-right
1671,29,Female,4,1800,West,8,4,No,Center-left
1672,54,Male,2,1200,East,9,3,No,Center-right
1673,67,Female,2,2600,West,8,3,No,Center-right
1674,77,Female,4,1100,East,9,3,No,Left
1675,52,Male,4,3000,West,9,3,No,Left
1676,42,Male,3,2400,West,5,2,No,Left
1677,40,Female,2,800,West,9,3,No,Center-left
1678,47,Male,3,2700,West,9,2,No,Left
1679,64,Male,2,1450,East,8,3,No,Center-left
1680,62,Male,2,800,West,7,0,No,Center-left
1681,32,Male,1,1063,West,10,4,No,Center-left
1682,56,Female,4,2500,West,8,3,No,Center-right
1683,46,Female,2,1375,East,9,4,No,Center-right
1684,71,Male,2,2300,West,7,2,No,Left
1685,39,Female,4,1200,West,9,4,No,Center-right
1686,51,Female,2,800,East,8,3,No,Center-left
1687,71,Female,2,600,West,10,2,No,Center-right
1688,48,Male,4,2875,East,7,3,No,Center-left
1689,83,Female,2,1438,West,8,3,No,Center-right
1690,61,Female,2,280,West,8,3,No,Center-right
1691,32,Male,4,2200,West,8,4,No,Center-right
1692,24,Female,4,850,West,8,3,No,Left
1693,55,Female,4,4200,West,8,2,No,Center-right
1694,80,Female,2,1100,West,9,2,No,Center-right
1695,42,Male,3,3600,West,10,3,No,Center-left
1696,25,Female,4,1082,West,8,1,No,Left
1697,56,Female,2,650,East,10,3,No,Left
1698,68,Male,4,3500,West,10,3,No,Center-right
1699,70,Male,1,1330,West,8,2,No,Center-right
1700,44,Female,4,2125,West,8,3,No,Center-right
1701,64,Female,1,913,West,5,2,No,Left
1702,67,Female,2,850,East,8,2,Yes,Center-right
1703,76,Male,1,1200,East,5,2,No,Center-right
1704,59,Female,1,1150,West,1,2,No,Center-left
1705,43,Female,2,1600,West,8,3,No,Right
1706,34,Female,4,2125,East,8,3,No,Center-left
1707,26,Female,4,800,East,8,3,No,Center-left
1708,56,Male,2,1875,East,7,3,No,Center-right
1709,61,Female,1,370,West,9,3,No,Center-right
1710,56,Male,2,2375,East,7,3,Yes,Left
1711,57,Male,4,6000,West,9,1,Yes,Center-right
1712,34,Female,2,1800,West,5,4,No,Center-left
1713,28,Male,2,1000,East,3,3,No,Center-right
1714,67,Female,2,1650,East,9,3,No,Left
1715,34,Male,4,3200,West,8,3,Yes,Left
1716,73,Female,2,1800,West,8,3,No,Center-right
1717,72,Female,3,300,West,10,3,No,Center-left
1718,53,Female,2,650,East,8,2,No,Center-left
1719,50,Female,2,820,East,6,1,No,Center-right
1720,63,Male,1,1200,West,6,3,No,Center-right
1721,25,Male,2,1300,East,8,2,No,Left
1722,25,Female,2,670,West,9,3,No,Center-left
1723,34,Male,3,1500,East,9,4,No,Left
1724,53,Male,2,2600,West,7,2,No,Center-right
1725,68,Male,1,2125,West,9,2,No,Center-right
1726,37,Female,2,600,East,7,2,No,Left
1727,58,Male,4,4000,East,10,4,Yes,Center-left
1728,57,Female,2,1100,East,8,3,No,Right
1729,53,Male,4,4500,West,8,3,Yes,Center-right
1730,71,Male,1,1200,West,10,4,No,Center-left
1731,97,Female,4,1100,East,8,1,No,Left
1732,26,Female,4,1200,West,10,4,Yes,Center-right
1733,66,Female,2,400,East,7,2,Yes,Center-right
1734,33,Female,1,1800,West,8,3,Yes,Left
1735,46,Male,1,1800,West,5,2,No,Center-right
1736,20,Female,4,1100,West,9,3,Yes,Left
1737,38,Male,2,1500,East,4,0,No,Left
1738,26,Male,4,600,East,8,3,Yes,Left
1739,48,Female,2,1100,East,8,3,No,Left
1740,29,Male,4,900,West,9,3,No,Left
1741,40,Male,2,2700,East,9,4,No,Left
1742,63,Female,2,1875,West,8,4,No,Left
1743,51,Female,4,900,West,10,1,No,Right
1744,57,Female,3,1550,West,8,3,Yes,Left
1745,47,Male,2,1100,East,7,3,No,Center-left
1746,32,Male,4,1700,West,8,2,No,Center-left
1747,20,Female,4,1750,West,10,3,Yes,Left
1748,57,Male,2,2000,East,8,2,Yes,Center-right
1749,49,Female,4,2000,West,9,4,No,Center-left
1750,55,Female,2,1700,West,8,3,No,Center-left
1751,50,Female,2,400,West,4,2,No,Left
1752,23,Female,4,1800,West,8,4,No,Center-right
1753,55,Male,4,2100,East,9,3,No,Center-left
1754,50,Female,2,813,East,8,3,No,Center-right
1755,25,Male,1,1800,West,8,3,No,Center-right
1756,31,Male,4,2400,East,8,3,Yes,Center-left
1757,78,Female,4,1200,East,7,2,No,Left
1758,40,Female,4,1800,West,7,4,Yes,Left
1759,60,Male,3,3000,West,8,3,No,Center-right
1760,70,Male,2,900,East,8,2,No,Right
1761,66,Male,2,823,East,8,3,No,Center-left
1762,52,Female,2,500,East,7,1,No,Center-right
1763,49,Female,1,550,West,5,2,No,Right
1764,39,Male,2,3800,West,8,3,No,Center-right
1765,71,Male,1,950,East,6,4,No,Right
1766,65,Female,1,1500,West,8,3,No,Left
1767,66,Female,4,488,East,5,3,Yes,Left
1768,53,Male,1,1800,West,9,3,No,Center-right
1769,47,Female,4,900,West,8,4,No,Left
1770,57,Male,2,3800,East,8,3,No,Center-left
1771,54,Female,2,1800,West,6,2,No,Center-left
1772,35,Female,4,1,East,10,3,No,Center-right
1773,47,Female,2,2800,West,6,1,No,Right
1774,64,Female,2,450,East,9,2,No,Center-right
1775,53,Male,4,1500,East,8,2,No,Center-left
1776,25,Male,4,450,West,7,4,No,Right
1777,53,Male,1,1400,West,5,2,Yes,Left
1778,65,Male,4,4500,West,9,3,Yes,Left
1779,36,Male,3,3500,West,8,4,No,Center-right
1780,31,Male,1,1900,West,9,4,Yes,Center-left
1781,52,Female,2,1800,West,8,3,No,Center-left
1782,79,Male,4,2375,West,9,2,No,Center-left
1783,28,Female,4,2700,West,8,4,Yes,Center-right
1784,67,Male,1,1750,East,7,3,No,Center-left
1785,75,Female,1,800,East,9,2,No,Right
1786,43,Male,1,2050,West,8,1,No,Center-right
1787,73,Female,1,820,East,6,1,No,Center-right
1788,22,Male,1,2000,West,8,4,No,Center-right
1789,59,Male,3,3100,West,9,3,No,Left
1790,47,Male,1,1235,West,7,3,No,Center-right
1791,54,Female,3,1000,East,8,3,No,Left
1792,36,Female,4,2100,West,8,3,No,Center-right
1793,69,Male,2,1250,East,8,2,No,Center-right
1794,27,Male,4,2400,West,9,4,No,Left
1795,42,Male,2,1750,West,5,2,Yes,Center-left
1796,82,Male,4,1500,East,8,2,No,Center-left
1797,32,Male,4,500,West,6,2,No,Left
1798,75,Female,1,1063,East,8,2,No,Center-left
1799,35,Male,2,600,East,7,3,Yes,Center-left
1800,29,Male,4,1500,West,5,3,Yes,Center-left
1801,46,Male,2,938,West,6,2,No,Center-left
1802,41,Male,4,3000,West,8,3,No,Center-right
1803,70,Male,1,1500,West,10,3,No,Center-right
1804,68,Male,4,2100,West,8,1,No,Left
1805,45,Female,2,900,West,10,4,Yes,Center-right
1806,66,Female,1,1000,West,8,4,No,Center-right
1807,45,Male,4,5500,West,8,3,Yes,Center-left
1808,59,Male,2,816,East,4,1,No,Center-right
1809,68,Female,1,1000,West,7,4,Yes,Center-right
1810,53,Male,1,680,East,5,1,No,Right
1811,46,Male,3,1700,West,8,2,No,Center-left
1812,33,Female,4,2300,West,9,4,No,Center-right
1813,54,Female,0,45,East,5,1,No,Left
1814,76,Male,1,1200,West,10,2,No,Left
1815,69,Male,4,2500,West,8,3,No,Center-left
1816,26,Male,4,1429,East,7,3,No,Center-right
1817,67,Female,4,420,West,10,4,Yes,Left
1818,23,Female,4,450,West,9,3,No,Center-right
1819,48,Male,1,1300,East,2,4,No,Left
1820,65,Male,1,1500,West,7,0,No,Center-left
1821,56,Female,2,500,East,6,2,No,Center-right
1822,39,Female,4,1000,East,7,1,No,Center-left
1823,46,Female,2,1000,East,8,2,No,Center-right
1824,69,Male,3,3500,West,9,3,No,Center-left
1825,51,Female,2,1625,West,9,3,No,Center-right
1826,75,Male,2,1300,West,5,2,Yes,Left
1827,61,Male,4,2875,West,10,3,No,Center-right
1828,55,Male,2,390,East,6,0,No,Left
1829,50,Female,2,3000,East,9,3,No,Center-left
1830,27,Male,0,750,East,8,3,Yes,Center-left
1831,58,Male,3,150,West,10,4,No,Center-right
1832,57,Female,1,1800,West,7,3,No,Center-left
1833,21,Male,4,300,West,9,3,Yes,Left
1834,59,Female,4,2700,West,10,4,Yes,Center-left
1835,52,Male,2,1438,East,10,3,No,Center-left
1836,36,Female,4,1600,West,8,4,Yes,Center-left
1837,34,Male,2,2900,East,9,4,No,Center-right
1838,50,Male,1,1700,West,7,3,No,Center-left
1839,31,Female,4,1800,West,6,3,Yes,Left
1840,26,Male,4,2100,West,7,3,No,Center-right
1841,76,Female,1,688,West,9,2,No,Center-right
1842,31,Male,2,1800,East,8,3,No,Center-right
1843,23,Male,4,1500,West,8,3,No,Center-right
1844,76,Male,1,1200,East,6,2,No,Left
1845,73,Male,1,1400,East,8,3,No,Center-right
1846,52,Male,4,1750,West,8,3,No,Left
1847,61,Female,4,4300,West,10,3,No,Center-right
1848,75,Male,1,2375,West,10,2,No,Left
1849,28,Female,4,1990,East,8,3,Yes,Left
1850,46,Male,4,5000,West,10,2,No,Left
1851,23,Male,2,2211,West,9,4,No,Center-right
1852,66,Male,1,1800,West,7,2,No,Left
1853,53,Female,3,900,West,6,3,No,Left
1854,64,Female,4,1400,East,5,1,No,Left
1855,30,Female,4,875,West,8,4,Yes,Left
1856,48,Male,1,1800,West,10,2,No,Center-right
1857,63,Male,1,1500,West,9,1,No,Center-right
1858,73,Female,2,1500,East,9,3,No,Center-left
1859,66,Female,1,720,East,2,1,No,Right
1860,63,Male,2,1300,East,8,3,No,Center-left
1861,75,Male,1,1050,East,9,3,No,Center-right
1862,63,Female,2,1800,East,9,3,No,Center-right
1863,31,Female,2,1100,West,8,2,Yes,Center-left
1864,66,Female,2,813,East,9,3,No,Center-right
1865,46,Male,2,1000,East,8,3,No,Right
1866,53,Female,2,1400,East,10,3,No,Center-left
1867,44,Female,2,2300,East,8,3,No,Left
1868,89,Female,4,2000,West,9,2,No,Center-right
1869,47,Female,4,700,West,8,3,Yes,Center-right
1870,53,Male,2,3500,East,8,4,Yes,Right
1871,76,Male,1,1438,West,10,3,No,Center-left
1872,78,Male,4,3300,West,6,1,No,Left
1873,52,Female,4,2250,East,8,3,Yes,Left
1874,33,Female,2,1300,West,10,2,No,Left
1875,73,Female,4,2375,East,8,2,No,Left
1876,50,Male,4,6250,West,8,3,No,Center-right
1877,56,Female,2,353,West,10,1,No,Center-left
1878,47,Male,2,834,East,9,2,No,Right
1879,58,Female,4,3500,West,8,4,No,Left
1880,67,Male,2,850,East,10,4,No,Center-right
1881,87,Female,1,1100,West,8,2,No,Center-left
1882,52,Female,1,710,East,5,1,No,Left
1883,47,Male,1,450,West,4,0,No,Right
1884,58,Male,2,742,East,8,2,No,Center-left
1885,63,Female,1,795,West,8,3,No,Center-right
1886,72,Male,1,780,East,7,2,No,Right
1887,73,Male,3,3000,West,10,4,Yes,Center-right
1888,65,Male,3,8750,East,8,3,No,Center-right
1889,48,Male,2,1600,West,5,2,No,Center-left
1890,80,Female,1,200,West,8,2,No,Center-left
1891,67,Female,1,645,East,7,1,No,Center-left
1892,68,Female,2,845,West,4,2,No,Center-left
1893,49,Male,2,3900,West,8,3,No,Center-right
1894,60,Male,4,620,East,7,2,No,Left
1895,51,Male,4,1200,West,7,2,No,Left
1896,62,Male,4,1875,East,8,2,No,Left
1897,53,Female,2,350,East,6,1,Yes,Center-right
1898,26,Male,4,1300,West,7,2,No,Left
1899,53,Female,3,1875,East,10,4,No,Center-left
1900,34,Female,4,5000,West,8,2,Yes,Center-right
1901,32,Female,2,900,West,10,4,Yes,Center-right
1902,48,Male,1,1900,West,7,2,No,Left
1903,35,Female,4,1100,West,9,4,No,Center-left
1904,31,Female,2,1200,East,9,3,No,Center-right
1905,84,Male,3,1100,West,9,1,Yes,Center-left
1906,75,Female,3,1063,East,5,1,No,Right
1907,44,Female,1,800,West,6,2,No,Center-right
1908,70,Female,4,456,West,9,1,No,Center-right
1909,51,Female,2,896,East,7,0,No,Left
1910,84,Male,4,1800,East,10,3,No,Center-left
1911,54,Male,2,1875,East,9,3,No,Center-left
1912,64,Male,2,1500,West,9,1,No,Left
1913,42,Female,4,2000,West,8,3,No,Center-right
1914,32,Female,4,3300,West,8,4,No,Center-right
1915,49,Male,1,2400,East,9,3,Yes,Center-right
1916,38,Female,1,1000,West,8,3,No,Center-left
1917,52,Male,4,5000,West,8,3,Yes,Left
1918,46,Female,2,938,East,5,1,No,Left
1919,67,Female,1,1000,West,10,4,Yes,Left
1920,44,Female,2,450,East,10,2,No,Right
1921,62,Male,4,640,East,5,1,No,Right
1922,24,Male,4,2100,East,8,3,No,Center-right
1923,50,Female,2,800,East,8,3,No,Left
1924,29,Male,1,1900,West,8,4,No,Center-left
1925,68,Male,4,4500,West,9,4,Yes,Center-right
1926,64,Female,2,750,West,10,3,No,Center-left
1927,48,Male,4,1800,West,8,2,No,Left
1928,57,Male,4,6250,West,9,4,Yes,Left
1929,25,Female,4,1300,West,7,3,No,Center-left
1930,85,Female,1,1063,East,10,2,No,Center-right
1931,18,Male,4,150,West,9,4,No,Left
1932,66,Female,1,280,West,8,4,No,Center-right
1933,76,Male,1,1063,East,8,2,No,Center-left
1934,79,Female,2,2000,West,10,2,Yes,Center-right
1935,84,Male,1,1800,East,10,3,No,Center-left
1936,71,Female,2,1040,East,9,3,No,Center-left
1937,51,Male,0,400,East,2,0,No,Right
1938,64,Female,1,1009,West,10,4,No,Center-right
1939,60,Male,1,1188,West,8,2,Yes,Left
1940,48,Male,2,1625,West,8,3,No,Center-left
1941,65,Male,1,1188,West,8,3,Yes,Center-left
1942,48,Female,2,2400,East,10,3,No,Right
1943,76,Female,2,2500,West,9,3,No,Center-right
1944,60,Female,4,1200,West,8,3,Yes,Left
1945,66,Male,1,512,West,3,1,No,Left
1946,63,Male,2,800,East,7,2,Yes,Center-right
1947,54,Female,3,563,East,10,2,No,Center-right
1948,88,Male,1,1500,East,10,2,No,Center-right
1949,40,Male,2,1700,West,9,2,No,Center-right
1950,61,Male,4,3000,East,8,3,No,Center-right
1951,30,Female,4,380,West,10,3,No,Center-right
1952,71,Male,2,2000,West,4,2,Yes,Center-right
1953,60,Male,4,2700,East,8,1,No,Left
1954,30,Male,2,2500,West,10,4,No,Center-right
1955,64,Female,2,1500,West,8,3,No,Center-right
1956,75,Female,4,1875,West,8,3,Yes,Center-left
1957,80,Female,1,600,East,8,1,No,Left
1958,67,Male,4,2800,West,8,2,No,Center-left
1959,33,Female,1,1311,West,5,3,No,Right
1960,66,Female,2,1000,East,9,4,No,Center-right
1961,82,Male,1,1063,East,8,2,No,Center-right
1962,50,Male,2,6250,West,9,4,No,Center-right
1963,48,Female,4,3500,West,7,3,Yes,Center-right
1964,36,Female,2,280,East,7,3,No,Right
1965,57,Female,2,2400,East,7,3,No,Right
1966,18,Male,4,800,West,8,3,Yes,Center-right
1967,67,Female,2,688,East,8,2,No,Center-left
1968,53,Male,3,1500,East,9,3,No,Right
1969,38,Male,2,1375,East,5,2,No,Right
1970,29,Male,2,1500,West,8,4,No,Right
1971,60,Male,1,1400,West,4,2,No,Right
1972,67,Male,4,3500,West,9,3,Yes,Center-right
1973,61,Male,2,980,East,6,3,No,Center-left
1974,52,Male,4,7300,West,9,3,No,Center-left
1975,67,Male,2,1100,East,5,2,Yes,Left
1976,32,Male,2,2300,West,10,4,No,Left
1977,57,Male,4,950,West,5,1,No,Left
1978,78,Male,3,1300,West,8,3,No,Center-right
1979,79,Female,1,630,East,7,2,No,Center-right
1980,49,Female,2,1000,West,8,4,No,Center-right
1981,53,Male,2,2000,East,7,3,No,Left
1982,63,Male,2,990,West,7,2,No,Right
1983,51,Male,4,2100,West,7,1,Yes,Left
1984,32,Female,4,1750,East,9,4,Yes,Center-left
1985,55,Male,2,1875,West,7,3,No,Center-right
1986,48,Male,2,3000,West,8,3,Yes,Center-right
1987,47,Male,4,1340,West,8,3,No,Left
1988,78,Female,1,500,East,8,2,No,Right
1989,46,Female,4,900,East,3,1,Yes,Left
1990,57,Male,1,2000,West,10,2,Yes,Center-right
1991,23,Male,4,500,West,6,3,No,Left
1992,22,Female,4,400,West,7,4,No,Center-left
1993,40,Female,4,450,West,10,4,Yes,Center-left
1994,49,Male,2,3000,West,8,2,No,Center-right
1995,53,Female,2,1450,East,10,3,No,Left
1996,67,Male,1,680,West,8,2,No,Center-right
1997,56,Male,2,1600,East,4,1,No,Right
1998,68,Male,1,1625,West,7,1,No,Center-left
1999,62,Male,1,1800,West,9,3,No,Center-right
2000,52,Male,2,2000,West,9,4,No,Left
2001,64,Male,3,4000,West,9,3,Yes,Center-left
2002,33,Female,4,1600,West,2,2,Yes,Left
2003,67,Male,4,1000,East,7,2,No,Center-left
2004,37,Male,2,1600,East,7,3,No,Right
2005,48,Male,2,1600,East,7,3,No,Center-right
2006,25,Male,4,2100,West,10,4,Yes,Left
2007,42,Female,4,1800,West,8,3,Yes,Center-right
2008,44,Female,2,1200,West,9,4,Yes,Center-right
2009,32,Female,2,800,East,10,3,No,Right
2010,51,Female,4,3500,West,7,2,Yes,Left
2011,83,Male,1,1400,West,5,1,No,Left
2012,84,Female,1,700,East,7,0,No,Left
2013,90,Male,3,3500,West,6,2,Yes,Left
2014,46,Male,4,1800,East,8,2,Yes,Left
2015,50,Male,1,3000,West,9,2,No,Center-left
2016,55,Male,4,3500,West,8,2,No,Center-right
2017,23,Male,2,1500,West,9,3,No,Center-left
2018,49,Male,2,2400,East,10,1,No,Center-left
2019,34,Male,1,1188,West,10,2,Yes,Center-left
2020,41,Female,2,1200,East,7,2,No,Right
2021,71,Male,1,1200,West,8,4,No,Center-right
2022,64,Male,4,1200,West,8,3,Yes,Center-right
2023,29,Male,2,2600,West,7,3,No,Center-right
2024,79,Female,4,3400,West,10,3,No,Center-right
2025,51,Female,2,1500,East,8,2,No,Right
2026,68,Male,3,5000,East,9,3,No,Center-right
2027,23,Female,4,200,West,9,4,No,Center-right
2028,40,Male,1,460,East,3,1,No,Left
2029,60,Female,2,800,East,8,3,No,Left
2030,81,Female,4,2125,West,10,4,Yes,Left
2031,42,Female,1,1000,West,10,3,No,Center-left
2032,52,Male,2,1600,East,7,2,No,Center-left
2033,55,Female,2,1500,East,9,4,No,Left
2034,25,Male,4,556,East,9,4,Yes,Center-right
2035,60,Female,2,1000,East,8,0,No,Center-right
2036,67,Male,4,2700,West,10,3,No,Left
2037,66,Male,1,2200,West,10,4,No,Center-right
2038,45,Female,4,2000,East,10,4,No,Center-right
2039,48,Male,2,1200,West,8,2,No,Center-right
2040,77,Male,4,901,East,8,3,No,Left
2041,44,Female,4,2500,West,9,4,Yes,Center-right
2042,62,Female,2,688,East,6,3,No,Left
2043,31,Female,4,2300,West,9,4,No,Center-right
2044,52,Male,2,700,West,8,1,No,Right
2045,74,Female,1,1188,East,5,2,No,Left
2046,51,Male,3,2700,West,5,2,No,Left
2047,63,Male,1,1650,West,7,2,No,Center-left
2048,22,Male,1,1300,East,7,3,No,Center-right
2049,52,Female,3,1700,West,9,4,Yes,Left
2050,56,Male,1,1875,West,7,3,No,Center-left
2051,81,Male,1,1438,West,8,3,No,Right
2052,19,Female,4,470,West,8,3,No,Right
2053,76,Male,4,1400,East,5,3,No,Right
2054,66,Male,2,1188,East,10,4,No,Center-right
2055,69,Female,4,2125,East,9,3,No,Center-right
2056,46,Male,2,1450,East,8,3,No,Right
2057,79,Male,1,1625,West,9,3,Yes,Left
2058,74,Male,1,4000,West,9,2,Yes,Center-left
2059,60,Female,1,1625,West,7,3,No,Center-left
2060,29,Female,4,1300,East,9,4,No,Right
2061,28,Male,4,3000,West,8,3,No,Center-right
2062,57,Female,2,550,West,10,3,No,Center-right
2063,67,Female,1,2125,West,10,2,No,Center-left
2064,20,Female,1,1200,West,5,4,No,Center-right
2065,67,Male,2,1500,West,8,3,Yes,Center-right
2066,42,Female,2,800,West,5,2,No,Center-right
2067,74,Male,1,1050,West,8,3,No,Center-left
2068,65,Female,2,900,East,6,2,No,Left
2069,60,Female,4,2500,West,10,4,Yes,Left
2070,22,Male,1,730,West,6,4,No,Right
2071,54,Female,1,1600,West,5,2,No,Center-right
2072,52,Male,4,2400,East,6,3,No,Left
2073,64,Female,2,1400,East,8,2,No,Left
2074,40,Male,4,3200,West,9,3,No,Center-left
2075,20,Male,4,688,West,7,3,No,Center-right
2076,51,Male,2,2300,West,9,3,No,Center-left
2077,23,Male,4,2050,West,9,4,No,Center-right
2078,67,Female,2,550,East,5,3,No,Right
2079,44,Female,1,1100,West,10,1,No,Right
2080,55,Female,4,1800,East,7,2,No,Center-right
2081,47,Male,4,2600,West,8,3,No,Left
2082,28,Female,2,1200,West,8,2,No,Center-right
2083,49,Male,4,3500,West,7,2,No,Left
2084,69,Female,2,524,West,8,3,No,Center-left
2085,59,Female,2,2000,East,9,4,No,Center-right
2086,25,Female,4,2150,West,6,2,No,Center-left
2087,26,Male,2,1500,East,8,3,No,Left
2088,57,Female,4,1438,West,9,3,No,Left
2089,63,Male,2,2400,West,10,3,No,Center-right
2090,20,Female,2,772,West,9,2,No,Center-right
2091,27,Female,4,450,East,8,4,No,Center-right
2092,56,Female,2,404,East,5,2,No,Center-right
2093,24,Female,3,1800,West,9,3,No,Center-left
2094,60,Male,4,5800,West,10,4,No,Center-right
2095,51,Male,2,1500,West,10,3,No,Center-right
2096,84,Female,1,400,West,7,2,No,Center-left
2097,77,Female,1,776,East,7,1,No,Center-left
2098,62,Male,4,3500,West,8,1,Yes,Center-left
2099,74,Male,1,550,West,9,2,No,Right
2100,19,Female,3,700,West,8,3,Yes,Left
2101,83,Female,4,800,West,8,2,Yes,Left
2102,53,Female,3,2000,West,7,3,No,Right
2103,47,Female,2,758,West,5,1,No,Center-right
2104,54,Male,3,4500,West,9,3,No,Left
2105,32,Female,4,1200,West,10,4,Yes,Left
2106,33,Male,4,3200,West,8,3,No,Center-right
2107,55,Female,4,3500,East,8,2,No,Left
2108,64,Female,4,550,West,10,3,No,Left
2109,58,Female,3,860,East,6,2,No,Left
2110,72,Female,2,1400,East,9,2,No,Center-right
2111,73,Male,4,2800,West,8,2,Yes,Left
2112,57,Male,2,1300,East,9,3,No,Left
2113,54,Female,2,1500,West,7,3,No,Center-left
2114,64,Female,2,1000,East,6,3,No,Center-left
2115,45,Female,4,2400,West,9,4,Yes,Center-right
2116,65,Female,1,2200,West,7,2,No,Right
2117,40,Female,2,192,West,8,4,No,Left
2118,49,Male,4,2000,West,7,3,No,Left
2119,46,Female,4,1500,West,9,3,No,Center-right
2120,51,Male,2,1625,West,8,2,No,Center-left
2121,71,Female,2,300,West,8,2,Yes,Center-right
2122,73,Male,2,3090,West,9,4,No,Center-right
2123,53,Female,2,500,East,5,0,No,Right
2124,32,Female,3,1900,West,9,2,Yes,Left
2125,36,Male,1,2100,West,7,2,Yes,Center-right
2126,56,Female,2,1900,East,9,3,No,Center-left
2127,76,Female,1,850,West,7,1,No,Center-right
2128,53,Female,1,700,West,10,3,No,Center-left
2129,46,Female,1,450,West,10,4,No,Right
2130,48,Female,2,813,West,8,3,No,Center-right
2131,28,Female,4,6250,West,9,3,Yes,Center-right
2132,44,Male,1,1800,West,8,3,No,Center-left
2133,21,Female,4,660,West,9,3,No,Left
2134,32,Female,4,2700,West,8,3,No,Center-right
2135,42,Male,4,3200,West,9,4,No,Left
2136,77,Male,1,1200,East,7,3,No,Center-left
2137,82,Female,0,1200,East,6,1,No,Center-right
2138,55,Female,2,1313,West,8,3,No,Center-right
2139,31,Female,2,2000,West,8,4,Yes,Left
2140,21,Female,1,1500,West,7,3,No,Center-left
2141,75,Female,1,1625,West,10,2,No,Left
2142,35,Male,4,2400,West,9,4,No,Center-left
2143,57,Male,2,7000,West,10,3,No,Right
2144,79,Male,1,1800,West,7,2,No,Center-left
2145,66,Male,1,1400,West,10,1,No,Center-right
2146,48,Female,2,3000,East,10,3,Yes,Left
2147,73,Female,4,500,East,8,1,No,Center-left
2148,64,Female,2,1100,East,10,3,No,Center-right
2149,20,Female,2,580,West,9,2,No,Right
2150,57,Female,4,1500,West,7,1,No,Left
2151,72,Male,1,760,West,5,2,No,Right
2152,50,Female,1,650,West,5,2,No,Center-right
2153,56,Male,2,1600,East,7,2,No,Center-right
2154,73,Male,4,2500,East,9,2,No,Right
2155,49,Male,2,1300,West,7,1,No,Center-right
2156,66,Female,4,3400,West,9,4,No,Center-left
2157,46,Female,4,1875,East,7,3,No,Left
2158,67,Female,2,1300,East,9,3,No,Left
2159,30,Female,3,1625,West,7,2,No,Left
2160,23,Female,4,250,West,10,4,Yes,Center-left
2161,49,Male,1,360,West,4,1,Yes,Center-left
2162,49,Female,4,750,West,6,2,No,Left
2163,42,Male,3,3500,West,9,4,No,Center-right
2164,54,Male,2,2875,East,7,3,No,Center-left
2165,65,Female,3,800,East,8,2,No,Left
2166,50,Male,4,3000,West,8,3,No,Left
2167,70,Male,4,1400,West,10,3,No,Center-right
2168,35,Male,2,3500,West,9,3,No,Center-left
2169,22,Female,4,1000,West,9,4,No,Center-right
2170,64,Female,1,500,West,9,3,No,Center-right
2171,74,Male,1,1400,West,10,2,No,Center-right
2172,27,Female,3,600,West,7,3,No,Left
2173,23,Male,4,250,West,9,4,No,Center-right
2174,67,Male,4,1800,West,6,3,No,Center-right
2175,28,Female,3,1100,East,7,3,No,Left
2176,39,Female,4,1500,West,8,1,No,Center-left
2177,72,Male,2,1830,East,9,4,No,Center-left
2178,58,Male,4,1500,East,4,1,No,Left
2179,27,Male,1,450,East,7,3,No,Left
2180,62,Male,4,3000,West,10,2,Yes,Left
2181,81,Female,2,1063,East,10,1,No,Left
2182,43,Male,4,3600,West,7,3,No,Left
2183,51,Female,2,450,West,6,2,No,Center-right
2184,46,Male,2,6250,East,8,3,Yes,Center-right
2185,60,Female,2,450,West,9,3,Yes,Left
2186,77,Female,1,890,East,8,3,No,Left
2187,34,Female,2,980,West,8,3,No,Center-right
2188,56,Female,3,2600,West,8,2,No,Center-left
2189,74,Male,2,1000,East,8,3,No,Center-left
2190,64,Female,2,1300,East,7,3,No,Center-right
2191,72,Male,4,4000,West,9,4,No,Center-right
2192,28,Female,4,1875,West,8,3,No,Center-left
2193,64,Female,4,2600,West,8,2,No,Center-right
2194,45,Female,4,1900,West,8,3,Yes,Left
2195,35,Female,2,250,West,8,3,No,Left
2196,35,Male,2,1063,East,10,3,No,Right
2197,73,Male,1,1200,East,10,2,No,Center-right
2198,71,Female,2,1900,West,8,2,No,Center-left
2199,22,Female,1,350,West,7,4,No,Center-right
2200,68,Female,1,607,West,7,3,No,Center-right
2201,77,Male,1,1050,East,7,2,No,Center-left
2202,56,Male,1,2125,West,8,3,No,Right
2203,49,Male,4,5000,West,9,2,No,Center-right
2204,69,Female,4,550,East,9,2,No,Center-right
2205,57,Female,2,1313,West,7,2,No,Center-right
2206,21,Male,4,300,West,8,4,Yes,Left
2207,49,Male,4,6250,West,8,3,Yes,Center-right
2208,86,Male,1,1500,West,9,2,No,Center-left
2209,67,Male,1,1060,East,8,2,No,Left
2210,69,Male,1,800,East,7,2,No,Right
2211,40,Male,4,1900,East,7,3,No,Center-left
2212,48,Male,1,2650,West,8,3,Yes,Right
2213,57,Female,1,1200,West,8,3,No,Center-right
2214,33,Male,4,3000,West,9,3,Yes,Center-right
2215,75,Male,4,3000,West,5,1,Yes,Right
2216,28,Male,2,1875,East,9,4,No,Center-right
2217,35,Male,1,650,East,8,3,No,Right
2218,61,Female,2,1875,East,8,1,No,Right
2219,48,Male,4,2800,West,8,2,Yes,Center-left
2220,63,Female,1,813,East,8,2,No,Center-left
2221,64,Male,2,1350,East,8,2,No,Center-left
2222,29,Female,4,1100,East,3,2,No,Left
2223,56,Male,1,2200,West,8,2,No,Center-left
2224,22,Male,4,450,West,6,2,No,Center-left
2225,79,Male,1,1600,West,5,3,No,Center-right
2226,77,Male,4,1438,East,7,3,Yes,Center-left
2227,74,Female,1,1100,West,10,3,No,Left
2228,70,Female,1,500,West,8,2,No,Center-left
2229,57,Female,2,404,East,6,2,No,Right
2230,54,Male,2,1400,East,7,3,No,Center-left
2231,48,Female,4,2100,West,9,3,No,Left
2232,42,Female,4,1700,West,10,3,No,Center-right
2233,78,Male,1,1600,West,10,3,No,Center-right
2234,59,Male,2,2000,East,8,2,No,Center-right
2235,63,Female,1,1000,West,7,2,No,Center-left
2236,51,Female,1,1200,West,5,1,No,Right
2237,81,Male,1,1100,West,8,2,No,Center-right
2238,50,Female,2,1000,East,8,3,No,Left
2239,53,Male,2,2625,West,9,2,No,Center-right
2240,76,Female,1,1300,West,10,2,Yes,Center-right
2241,30,Female,4,1700,East,8,3,Yes,Left
2242,69,Male,2,3000,West,8,3,No,Right
2243,33,Male,2,1063,East,8,3,No,Center-right
2244,42,Female,2,1200,East,9,4,Yes,Center-right
2245,62,Female,4,2600,West,10,2,Yes,Center-right
2246,79,Female,1,420,West,9,1,No,Center-right
2247,28,Female,4,1500,East,7,3,No,Left
2248,37,Female,4,1700,West,9,4,No,Left
2249,73,Female,4,991,West,7,2,No,Center-left
2250,59,Female,3,1200,West,9,3,No,Center-left
2251,59,Male,2,1500,East,7,1,Yes,Right
2252,53,Male,1,2400,West,8,3,No,Center-left
2253,55,Female,2,1800,West,9,3,No,Left
2254,35,Male,0,1300,West,8,3,Yes,Center-left
2255,28,Female,4,2100,West,9,4,No,Left
2256,48,Female,2,1500,East,4,2,No,Right
2257,66,Female,1,600,West,8,2,No,Center-right
2258,67,Male,2,1700,West,4,1,No,Center-right
2259,43,Female,4,2500,West,9,4,Yes,Left
2260,29,Male,2,1100,East,7,3,No,Right
2261,65,Female,1,795,West,10,2,No,Center-right
2262,61,Female,2,1625,East,4,2,No,Right
2263,63,Female,4,1875,East,7,1,Yes,Left
2264,77,Female,1,294,West,8,1,No,Center-right
2265,65,Male,1,3000,West,9,3,No,Center-right
2266,47,Male,4,2375,East,7,2,No,Left
2267,51,Male,1,1900,West,6,2,No,Center-right
2268,29,Female,4,700,West,10,4,No,Center-left
2269,60,Female,3,1450,East,7,3,No,Center-right
2270,72,Male,4,1500,East,5,1,No,Left
2271,70,Female,4,1500,East,7,2,No,Left
2272,63,Male,2,1100,East,9,3,No,Center-right
2273,24,Male,4,1800,West,9,4,No,Center-right
2274,69,Male,4,404,East,7,2,No,Center-right
2275,74,Female,1,1800,West,10,2,No,Center-right
2276,35,Female,2,1250,West,9,3,No,Center-right
2277,53,Female,2,1200,East,9,2,No,Center-right
2278,75,Female,2,1200,West,10,4,No,Center-right
2279,47,Female,4,3500,West,9,4,No,Center-right
